source,participant_id,stage_id,condition,case_id,part_id,item_no,sentence_id,source_text,sentence_text,state,start_time,end_time,iso_start,iso_end,iso_range,unknown,sink,interlude,accepted_ai_without_edit,unresolved_time_texts,notes
human,P1,stage1,Human-only,H-C1,H-C1,1,53.10.1,萧相国世家,汉十一年，陈豨反叛，高祖亲自率军到了邯郸。,time_range,汉高祖十一年,汉高祖十二年秋,-0196-10,-0194-09,-0196-10to-0194-09,false,false,false,,,
human,P1,stage1,Human-only,H-C1,H-C1,2,53.10.2,萧相国世家,平叛尚未结束，淮阴侯韩信又在关中谋反，吕后采用萧何的计策，杀了淮阴侯，此事记载在《淮阴侯列传》中。,time_range,汉高祖十一年,汉高祖十二年秋,-0196-10,-0194-09,-0196-10to-0194-09,false,false,false,,,
human,P1,stage1,Human-only,H-C1,H-C1,3,53.10.3,萧相国世家,高祖已经听说淮阴侯被杀，派遣使者拜丞相萧何为相国，加封五千户，并令五百名士卒、一名都尉做相国的卫队。,time_range,汉高祖十一年,汉高祖十二年秋,-0196-10,-0194-09,-0196-10to-0194-09,false,false,false,,,
human,P1,stage1,Human-only,H-C1,H-C1,4,53.10.4,萧相国世家,为此许多人都来祝贺，唯独召平表示哀悼。,time_range,汉高祖十一年,汉高祖十二年秋,-0196-10,-0194-09,-0196-10to-0194-09,false,false,false,,,
human,P1,stage1,Human-only,H-C1,H-C1,5,53.10.5,萧相国世家,召平原是秦朝的东陵侯。,time_range,,,,,,false,true,false,,,
human,P1,stage1,Human-only,H-C1,H-C1,6,53.10.6,萧相国世家,秦朝灭亡后，他沦为平民，家中贫穷，在长安城东种瓜。,time_range,,,,,,false,false,false,,,
human,P1,stage1,Human-only,H-C1,H-C1,7,53.10.7,萧相国世家,他种的瓜味道甜美，所以社会上的人称它为“东陵瓜”，这是根据召平的封号来命名的。,time_range,,,,,,false,false,false,,,
human,P1,stage1,Human-only,H-C1,H-C1,8,53.10.8,萧相国世家,召平对相国萧何说：“祸患从此开始了。皇上风吹日晒地统军在外，而您留守朝中，未遭战事之险，反而增加您的封邑并设置卫队，这是因为目前淮阴侯刚刚在京城谋反，对您的内心有所怀疑。设置卫队保护您，并非以此宠信您，希望您辞让封赏不受，把家产、资财全都捐助军队，那么皇上心里就会高兴。”,time_range,汉高祖十一年,汉高祖十二年秋,-0196-10,-0194-09,-0196-10to-0194-09,false,false,false,,,
human,P1,stage1,Human-only,H-C1,H-C1,9,53.10.9,萧相国世家,萧相国听从了他的计谋。,time_range,汉高祖十一年,汉高祖十二年秋,-0196-10,-0194-09,-0196-10to-0194-09,false,false,false,,,
human,P1,stage1,Human-only,H-C1,H-C1,10,53.10.10,萧相国世家,高帝果然非常欢喜。,time_range,汉高祖十一年,汉高祖十二年秋,-0196-10,-0194-09,-0196-10to-0194-09,false,false,false,,,
human,P1,stage1,Human-only,H-C1,H-C1,11,53.11.1,萧相国世家,汉十二年的秋天，黥布反叛，高祖亲自率军征讨他，多次派人来询问萧相国在做什么。,time_range,汉高祖十二年秋,+infinity,-0194-09,+infinity,-0194-09to+infinity,false,false,false,,,
human,P1,stage1,Human-only,H-C1,H-C1,12,53.11.2,萧相国世家,萧相国因为皇上在军中，就在后方安抚勉励百姓，把自己的家财全都捐助军队，和讨伐陈豨时一样。,time_range,汉高祖十二年秋,+infinity,-0194-09,+infinity,-0194-09to+infinity,false,false,false,,,
human,P1,stage1,Human-only,H-C1,H-C1,13,53.11.3,萧相国世家,有一个门客劝告萧相国说：“您灭族的日子不远了。您位居相国，功劳数第一，还能够再加功吗？您当初进入关中就深得民心，至今十多年了，民众都亲附您，您还是那么勤勉地做事，与百姓关系和谐，受到爱戴。皇上之所以屡次询问您的情况，是害怕您震撼关中。如今您何不多买田地，采取低价、赊借等手段来败坏自己的声誉？这样，皇上的心才会安定。”,time_range,汉高祖十二年秋,+infinity,-0194-09,+infinity,-0194-09to+infinity,false,false,false,,,
human,P1,stage1,Human-only,H-C1,H-C1,14,53.11.4,萧相国世家,于是萧相国听从了他的计谋，高祖才非常高兴。,time_range,汉高祖十二年秋,+infinity,-0194-09,+infinity,-0194-09to+infinity,false,false,false,,,
human,P1,stage1,Human-only,H-C1,H-C1,15,53.12.1,萧相国世家,高祖征罢黥布军队回来，民众拦路上书，说相国低价强买百姓田地房屋数量极多。,time_range,汉高祖十二年秋,+infinity,-0194-09,+infinity,-0194-09to+infinity,false,false,false,,,
human,P6,stage1,Human+AI,H-C1,H-C1,1,53.10.1,萧相国世家,汉十一年，陈豨反叛，高祖亲自率军到了邯郸。,time_range,汉十一年,汉高祖十二年秋,-0196-10,-0194-09,-0196-10to-0194-09,false,false,false,yes,,
human,P6,stage1,Human+AI,H-C1,H-C1,2,53.10.2,萧相国世家,平叛尚未结束，淮阴侯韩信又在关中谋反，吕后采用萧何的计策，杀了淮阴侯，此事记载在《淮阴侯列传》中。,time_range,汉十一年,汉高祖十二年秋,-0196-10,-0194-09,-0196-10to-0194-09,false,false,false,yes,,
human,P6,stage1,Human+AI,H-C1,H-C1,3,53.10.3,萧相国世家,高祖已经听说淮阴侯被杀，派遣使者拜丞相萧何为相国，加封五千户，并令五百名士卒、一名都尉做相国的卫队。,time_range,汉十一年,汉高祖十二年秋,-0196-10,-0194-09,-0196-10to-0194-09,false,false,false,yes,,
human,P6,stage1,Human+AI,H-C1,H-C1,4,53.10.4,萧相国世家,为此许多人都来祝贺，唯独召平表示哀悼。,time_range,汉十一年,汉高祖十二年秋,-0196-10,-0194-09,-0196-10to-0194-09,false,false,false,yes,,
human,P6,stage1,Human+AI,H-C1,H-C1,5,53.10.5,萧相国世家,召平原是秦朝的东陵侯。,sink,汉十一年,汉高祖十二年秋,-0196-10,-0194-09,-0196-10to-0194-09,false,true,false,yes,,
human,P6,stage1,Human+AI,H-C1,H-C1,6,53.10.6,萧相国世家,秦朝灭亡后，他沦为平民，家中贫穷，在长安城东种瓜。,time_range,-infinity,汉十一年,-infinity,-0196-10,-infinityto-0196-10,false,false,true,no,,
human,P6,stage1,Human+AI,H-C1,H-C1,7,53.10.7,萧相国世家,他种的瓜味道甜美，所以社会上的人称它为“东陵瓜”，这是根据召平的封号来命名的。,time_range,-infinity,汉十一年,-infinity,-0196-10,-infinityto-0196-10,false,false,true,no,,
human,P6,stage1,Human+AI,H-C1,H-C1,8,53.10.8,萧相国世家,召平对相国萧何说：“祸患从此开始了。皇上风吹日晒地统军在外，而您留守朝中，未遭战事之险，反而增加您的封邑并设置卫队，这是因为目前淮阴侯刚刚在京城谋反，对您的内心有所怀疑。设置卫队保护您，并非以此宠信您，希望您辞让封赏不受，把家产、资财全都捐助军队，那么皇上心里就会高兴。”,time_range,汉十一年,汉高祖十二年秋,-0196-10,-0194-09,-0196-10to-0194-09,false,false,false,yes,,
human,P6,stage1,Human+AI,H-C1,H-C1,9,53.10.9,萧相国世家,萧相国听从了他的计谋。,time_range,汉十一年,汉高祖十二年秋,-0196-10,-0194-09,-0196-10to-0194-09,false,false,false,yes,,
human,P6,stage1,Human+AI,H-C1,H-C1,10,53.10.10,萧相国世家,高帝果然非常欢喜。,time_range,汉十一年,汉高祖十二年秋,-0196-10,-0194-09,-0196-10to-0194-09,false,false,false,yes,,
human,P6,stage1,Human+AI,H-C1,H-C1,11,53.11.1,萧相国世家,汉十二年的秋天，黥布反叛，高祖亲自率军征讨他，多次派人来询问萧相国在做什么。,time_range,汉高祖十二年秋,汉高祖十二年秋,-0194-09,-0194-09,-0194-09to-0194-09,false,false,false,yes,,
human,P6,stage1,Human+AI,H-C1,H-C1,12,53.11.2,萧相国世家,萧相国因为皇上在军中，就在后方安抚勉励百姓，把自己的家财全都捐助军队，和讨伐陈豨时一样。,time_range,汉高祖十二年秋,汉高祖十二年秋,-0194-09,-0194-09,-0194-09to-0194-09,false,false,false,yes,,
human,P6,stage1,Human+AI,H-C1,H-C1,13,53.11.3,萧相国世家,有一个门客劝告萧相国说：“您灭族的日子不远了。您位居相国，功劳数第一，还能够再加功吗？您当初进入关中就深得民心，至今十多年了，民众都亲附您，您还是那么勤勉地做事，与百姓关系和谐，受到爱戴。皇上之所以屡次询问您的情况，是害怕您震撼关中。如今您何不多买田地，采取低价、赊借等手段来败坏自己的声誉？这样，皇上的心才会安定。”,time_range,汉高祖十二年秋,+infinity,-0194-09,+infinity,-0194-09to+infinity,false,false,false,yes,,
human,P6,stage1,Human+AI,H-C1,H-C1,14,53.11.4,萧相国世家,于是萧相国听从了他的计谋，高祖才非常高兴。,time_range,汉高祖十二年秋,+infinity,-0194-09,+infinity,-0194-09to+infinity,false,false,false,yes,,
human,P6,stage1,Human+AI,H-C1,H-C1,15,53.12.1,萧相国世家,高祖征罢黥布军队回来，民众拦路上书，说相国低价强买百姓田地房屋数量极多。,time_range,汉高祖十二年秋,+infinity,-0194-09,+infinity,-0194-09to+infinity,false,false,false,yes,,
human,P2,stage1,Human-only,H-C2,H-C2,1,7.25.1,项羽本纪,汉元年四月，在项王硅麾之下诸侯罢兵散归，各自回到封国。,time_range,汉元年四月,汉二年冬,-0205-04,-0205-12,-0205-04to-0205-12,false,false,false,,,
human,P2,stage1,Human-only,H-C2,H-C2,2,7.25.2,项羽本纪,项王也出关回到封国，派人迁徙义帝，说：“古代做帝王的拥有千里见方的土地，必须住在上游。”于是就派遣使者把义帝迁往长沙郴县。,time_range,汉元年四月,汉二年冬,-0205-04,-0205-12,-0205-04to-0205-12,false,false,false,,,
human,P2,stage1,Human-only,H-C2,H-C2,3,7.25.3,项羽本纪,项王催促义帝快些动身，义帝群臣渐渐背叛了他，项王就暗中命令衡山王、临江王把义帝击杀在江中。,time_range,汉元年四月,汉二年冬,-0205-04,-0205-12,-0205-04to-0205-12,false,false,false,,,
human,P2,stage1,Human-only,H-C2,H-C2,4,7.25.4,项羽本纪,韩王成没有军功，项王不让他就国，一起到了彭城，废去王号，改封为侯，不久又杀死了。,time_range,汉元年四月,汉二年冬,-0205-04,-0205-12,-0205-04to-0205-12,false,false,false,,,
human,P2,stage1,Human-only,H-C2,H-C2,5,7.25.5,项羽本纪,臧荼到了封国，就驱逐韩广去辽东，韩广不服从，臧茶在无终击杀了韩广，兼并了他的封地。,time_range,汉元年四月,汉二年冬,-0205-04,-0205-12,-0205-04to-0205-12,false,false,false,,,
human,P2,stage1,Human-only,H-C2,H-C2,6,7.26.1,项羽本纪,田荣听说项羽把齐王市徒封胶东，而立齐将田都为齐王，十分气愤，不愿让齐王去胶东，就据齐反叛，迎击田都。,time_range,汉元年四月,汉二年冬,-0205-04,-0205-12,-0205-04to-0205-12,false,false,false,,,
human,P2,stage1,Human-only,H-C2,H-C2,7,7.26.2,项羽本纪,田都逃往楚国。,time_range,汉元年四月,汉二年冬,-0205-04,-0205-12,-0205-04to-0205-12,false,false,false,,,
human,P2,stage1,Human-only,H-C2,H-C2,8,7.26.3,项羽本纪,齐工市害怕项王，就潜往胶东就国。,time_range,汉元年四月,汉二年冬,-0205-04,-0205-12,-0205-04to-0205-12,false,false,false,,,
human,P2,stage1,Human-only,H-C2,H-C2,9,7.26.4,项羽本纪,田荣大为生气，派兵追击，在即墨杀死了他。,time_range,汉元年四月,汉二年冬,-0205-04,-0205-12,-0205-04to-0205-12,false,false,false,,,
human,P2,stage1,Human-only,H-C2,H-C2,10,7.26.5,项羽本纪,田荣便自立为齐王，向西进兵，击杀了济北王田安，兼并了三齐。,time_range,汉元年四月,汉二年冬,-0205-04,-0205-12,-0205-04to-0205-12,false,false,false,,,
human,P2,stage1,Human-only,H-C2,H-C2,11,7.26.6,项羽本纪,田荣把将军印授予彭越，让他在梁地反楚。,time_range,汉元年四月,汉二年冬,-0205-04,-0205-12,-0205-04to-0205-12,false,false,false,,,
human,P2,stage1,Human-only,H-C2,H-C2,12,7.26.7,项羽本纪,陈余秘密派遣张同、夏说劝告齐王田荣说：“项羽为天下的主宰，（分封侯王）不公平。如今把原来的诸侯王都封在坏地方称王，而他的群臣诸将都封在好地方称王。（因为要）赶走原来的诸侯王，赵王就（只好）到北方居住代地，我以为这样是不能答应的。听说大王已经起兵，而且不接受不道义的命令，希望大王援助我一些兵马，允许我用以攻打常山，恢复赵王的地位，愿把赵国作为齐国的屏障。”,time_range,汉元年四月,汉二年冬,-0205-04,-0205-12,-0205-04to-0205-12,false,false,false,,,
human,P2,stage1,Human-only,H-C2,H-C2,13,7.26.8,项羽本纪,齐王答应了，就遣兵赴赵。,time_range,汉元年四月,汉二年冬,-0205-04,-0205-12,-0205-04to-0205-12,false,false,false,,,
human,P2,stage1,Human-only,H-C2,H-C2,14,7.26.9,项羽本纪,陈余调动了三县的全部士卒，与齐军并力攻打常山，打垮了常山的军队。,time_range,汉元年四月,汉二年冬,-0205-04,-0205-12,-0205-04to-0205-12,false,false,false,,,
human,P2,stage1,Human-only,H-C2,H-C2,15,7.26.10,项羽本纪,张耳逃走归服了汉王。,time_range,汉元年四月,汉二年冬,-0205-04,-0205-12,-0205-04to-0205-12,false,false,false,,,
human,P2,stage1,Human-only,H-C2,H-C2,16,7.26.11,项羽本纪,陈余去代地迎接原来的赵王歇返归赵地。,time_range,汉元年四月,汉二年冬,-0205-04,-0205-12,-0205-04to-0205-12,false,false,false,,,
human,P2,stage1,Human-only,H-C2,H-C2,17,7.26.12,项羽本纪,赵王就立陈余为代王。,time_range,汉元年四月,汉二年冬,-0205-04,-0205-12,-0205-04to-0205-12,false,false,false,,,
human,P2,stage1,Human-only,H-C2,H-C2,18,7.27.1,项羽本纪,这时，汉王回军平定了三秦。,time_range,汉元年四月,汉二年冬,-0205-04,-0205-12,-0205-04to-0205-12,false,false,false,,,
human,P2,stage1,Human-only,H-C2,H-C2,19,7.27.2,项羽本纪,项羽听说汉王已经兼并了关中，将要东进，齐、赵又反叛了他，非常愤怒。,time_range,汉元年四月,汉二年冬,-0205-04,-0205-12,-0205-04to-0205-12,false,false,false,,,
human,P2,stage1,Human-only,H-C2,H-C2,20,7.27.3,项羽本纪,就以从前的吴令郑昌为韩王，来阻挡汉军。,time_range,汉元年四月,汉二年冬,-0205-04,-0205-12,-0205-04to-0205-12,false,false,false,,,
human,P2,stage1,Human-only,H-C2,H-C2,21,7.27.4,项羽本纪,命令萧公角等人攻击彭越。,time_range,汉元年四月,汉二年冬,-0205-04,-0205-12,-0205-04to-0205-12,false,false,false,,,
human,P2,stage1,Human-only,H-C2,H-C2,22,7.27.5,项羽本纪,彭越打败了萧公角等人。,time_range,汉元年四月,汉二年冬,-0205-04,-0205-12,-0205-04to-0205-12,false,false,false,,,
human,P2,stage1,Human-only,H-C2,H-C2,23,7.27.6,项羽本纪,汉王派张良巡行招抚韩地，张良就给项王写信说：“汉王（没有如约称王关中），有失职守，打算取得关中，实现了原来的约定就停止进军，不敢继续东进。”,time_range,汉元年四月,汉二年冬,-0205-04,-0205-12,-0205-04to-0205-12,false,false,false,,,
human,P2,stage1,Human-only,H-C2,H-C2,24,7.27.7,项羽本纪,张良又把齐、梁的反叛文告送给项王，说：“齐想和赵并力灭楚。”楚军因此无意西进，而向北攻打齐国。,time_range,汉元年四月,汉二年冬,-0205-04,-0205-12,-0205-04to-0205-12,false,false,false,,,
human,P2,stage1,Human-only,H-C2,H-C2,25,7.27.8,项羽本纪,项王向九江王黥布征调兵力。,time_range,汉元年四月,汉二年冬,-0205-04,-0205-12,-0205-04to-0205-12,false,false,false,,,
human,P2,stage1,Human-only,H-C2,H-C2,26,7.27.9,项羽本纪,黥布称病不往，派将领率兵几千人前去。,time_range,汉元年四月,汉二年冬,-0205-04,-0205-12,-0205-04to-0205-12,false,false,false,,,
human,P2,stage1,Human-only,H-C2,H-C2,27,7.27.10,项羽本纪,项王从此怨恨黥布。,time_range,汉元年四月,汉二年冬,-0205-04,-0205-12,-0205-04to-0205-12,false,false,false,,,
human,P2,stage1,Human-only,H-C2,H-C2,28,7.28.1,项羽本纪,汉二年冬，项羽北上到达城阳，田荣也率军到此与项羽会战。,time_range,汉二年冬,汉四年,-0205-12,-0203-10,-0205-12to-0203-10,false,false,false,,,
human,P2,stage1,Human-only,H-C2,H-C2,29,7.28.2,项羽本纪,田荣兵败，逃到平原，平原百姓杀死了他。,time_range,汉二年冬,汉四年,-0205-12,-0203-10,-0205-12to-0203-10,false,false,false,,,
human,P2,stage1,Human-only,H-C2,H-C2,30,7.28.3,项羽本纪,楚军北进，烧毁齐国房屋，夷平齐国城郭，坑杀田荣降卒，掳掠老弱妇女。,time_range,汉二年冬,汉四年,-0205-12,-0203-10,-0205-12to-0203-10,false,false,false,,,
human,P2,stage1,Human-only,H-C2,H-C2,31,7.32.1,项羽本纪,汉三年，项王屡次侵夺汉军的甬道，汉王粮食缺乏，恐慌起来，请求讲和，划分荥阳以西归汉。,time_range,汉二年冬,汉四年,-0205-12,-0203-10,-0205-12to-0203-10,false,false,false,,,
human,P2,stage1,Human-only,H-C2,H-C2,32,7.32.2,项羽本纪,项王想要答应他。,time_range,汉二年冬,汉四年,-0205-12,-0203-10,-0205-12to-0203-10,false,false,false,,,
human,P2,stage1,Human-only,H-C2,H-C2,33,7.32.3,项羽本纪,历阳侯范增说：“汉军容易对付，现在放掉他们，不予以消灭，以后一定要懊悔。”,time_range,汉二年冬,汉四年,-0205-12,-0203-10,-0205-12to-0203-10,false,false,false,,,
human,P2,stage1,Human-only,H-C2,H-C2,34,7.32.4,项羽本纪,项王就和范增加紧围攻荥阳。,time_range,汉二年冬,汉四年,-0205-12,-0203-10,-0205-12to-0203-10,false,false,false,,,
human,P2,stage1,Human-only,H-C2,H-C2,35,7.35.2,项羽本纪,汉四年，项王围攻成皋。,time_range,汉四年,+infinity,-0203-10,+infinity,-0203-10to+infinity,false,false,false,,,
human,P1,stage2,Human+AI,H-C2,H-C2,1,7.25.1,项羽本纪,汉元年四月，在项王硅麾之下诸侯罢兵散归，各自回到封国。,time_range,汉元年四月,汉二年冬,-0205-04,-0205-12,-0205-04to-0205-12,false,false,false,yes,,
human,P1,stage2,Human+AI,H-C2,H-C2,2,7.25.2,项羽本纪,项王也出关回到封国，派人迁徙义帝，说：“古代做帝王的拥有千里见方的土地，必须住在上游。”于是就派遣使者把义帝迁往长沙郴县。,time_range,汉元年四月,汉二年冬,-0205-04,-0205-12,-0205-04to-0205-12,false,false,false,yes,,
human,P1,stage2,Human+AI,H-C2,H-C2,3,7.25.3,项羽本纪,项王催促义帝快些动身，义帝群臣渐渐背叛了他，项王就暗中命令衡山王、临江王把义帝击杀在江中。,time_range,汉元年四月,汉二年冬,-0205-04,-0205-12,-0205-04to-0205-12,false,false,false,yes,,
human,P1,stage2,Human+AI,H-C2,H-C2,4,7.25.4,项羽本纪,韩王成没有军功，项王不让他就国，一起到了彭城，废去王号，改封为侯，不久又杀死了。,time_range,汉元年四月,汉二年冬,-0205-04,-0205-12,-0205-04to-0205-12,false,false,false,yes,,
human,P1,stage2,Human+AI,H-C2,H-C2,5,7.25.5,项羽本纪,臧荼到了封国，就驱逐韩广去辽东，韩广不服从，臧茶在无终击杀了韩广，兼并了他的封地。,time_range,汉元年四月,汉二年冬,-0205-04,-0205-12,-0205-04to-0205-12,false,false,false,yes,,
human,P1,stage2,Human+AI,H-C2,H-C2,6,7.26.1,项羽本纪,田荣听说项羽把齐王市徒封胶东，而立齐将田都为齐王，十分气愤，不愿让齐王去胶东，就据齐反叛，迎击田都。,time_range,汉元年四月,汉二年冬,-0205-04,-0205-12,-0205-04to-0205-12,false,false,false,yes,,
human,P1,stage2,Human+AI,H-C2,H-C2,7,7.26.2,项羽本纪,田都逃往楚国。,time_range,汉元年四月,汉二年冬,-0205-04,-0205-12,-0205-04to-0205-12,false,false,false,yes,,
human,P1,stage2,Human+AI,H-C2,H-C2,8,7.26.3,项羽本纪,齐工市害怕项王，就潜往胶东就国。,time_range,汉元年四月,汉二年冬,-0205-04,-0205-12,-0205-04to-0205-12,false,false,false,yes,,
human,P1,stage2,Human+AI,H-C2,H-C2,9,7.26.4,项羽本纪,田荣大为生气，派兵追击，在即墨杀死了他。,time_range,汉元年四月,汉二年冬,-0205-04,-0205-12,-0205-04to-0205-12,false,false,false,yes,,
human,P1,stage2,Human+AI,H-C2,H-C2,10,7.26.5,项羽本纪,田荣便自立为齐王，向西进兵，击杀了济北王田安，兼并了三齐。,time_range,汉元年四月,汉二年冬,-0205-04,-0205-12,-0205-04to-0205-12,false,false,false,yes,,
human,P1,stage2,Human+AI,H-C2,H-C2,11,7.26.6,项羽本纪,田荣把将军印授予彭越，让他在梁地反楚。,time_range,汉元年四月,汉二年冬,-0205-04,-0205-12,-0205-04to-0205-12,false,false,false,yes,,
human,P1,stage2,Human+AI,H-C2,H-C2,12,7.26.7,项羽本纪,陈余秘密派遣张同、夏说劝告齐王田荣说：“项羽为天下的主宰，（分封侯王）不公平。如今把原来的诸侯王都封在坏地方称王，而他的群臣诸将都封在好地方称王。（因为要）赶走原来的诸侯王，赵王就（只好）到北方居住代地，我以为这样是不能答应的。听说大王已经起兵，而且不接受不道义的命令，希望大王援助我一些兵马，允许我用以攻打常山，恢复赵王的地位，愿把赵国作为齐国的屏障。”,time_range,汉元年四月,汉二年冬,-0205-04,-0205-12,-0205-04to-0205-12,false,false,false,yes,,
human,P1,stage2,Human+AI,H-C2,H-C2,13,7.26.8,项羽本纪,齐王答应了，就遣兵赴赵。,time_range,汉元年四月,汉二年冬,-0205-04,-0205-12,-0205-04to-0205-12,false,false,false,yes,,
human,P1,stage2,Human+AI,H-C2,H-C2,14,7.26.9,项羽本纪,陈余调动了三县的全部士卒，与齐军并力攻打常山，打垮了常山的军队。,time_range,汉元年四月,汉二年冬,-0205-04,-0205-12,-0205-04to-0205-12,false,false,false,yes,,
human,P1,stage2,Human+AI,H-C2,H-C2,15,7.26.10,项羽本纪,张耳逃走归服了汉王。,time_range,汉元年四月,汉二年冬,-0205-04,-0205-12,-0205-04to-0205-12,false,false,false,yes,,
human,P1,stage2,Human+AI,H-C2,H-C2,16,7.26.11,项羽本纪,陈余去代地迎接原来的赵王歇返归赵地。,time_range,汉元年四月,汉二年冬,-0205-04,-0205-12,-0205-04to-0205-12,false,false,false,yes,,
human,P1,stage2,Human+AI,H-C2,H-C2,17,7.26.12,项羽本纪,赵王就立陈余为代王。,time_range,汉元年四月,汉二年冬,-0205-04,-0205-12,-0205-04to-0205-12,false,false,false,yes,,
human,P1,stage2,Human+AI,H-C2,H-C2,18,7.27.1,项羽本纪,这时，汉王回军平定了三秦。,time_range,汉元年四月,汉二年冬,-0205-04,-0205-12,-0205-04to-0205-12,false,false,false,yes,,
human,P1,stage2,Human+AI,H-C2,H-C2,19,7.27.2,项羽本纪,项羽听说汉王已经兼并了关中，将要东进，齐、赵又反叛了他，非常愤怒。,time_range,汉元年四月,汉二年冬,-0205-04,-0205-12,-0205-04to-0205-12,false,false,false,yes,,
human,P1,stage2,Human+AI,H-C2,H-C2,20,7.27.3,项羽本纪,就以从前的吴令郑昌为韩王，来阻挡汉军。,time_range,汉元年四月,汉二年冬,-0205-04,-0205-12,-0205-04to-0205-12,false,false,false,yes,,
human,P1,stage2,Human+AI,H-C2,H-C2,21,7.27.4,项羽本纪,命令萧公角等人攻击彭越。,time_range,汉元年四月,汉二年冬,-0205-04,-0205-12,-0205-04to-0205-12,false,false,false,yes,,
human,P1,stage2,Human+AI,H-C2,H-C2,22,7.27.5,项羽本纪,彭越打败了萧公角等人。,time_range,汉元年四月,汉二年冬,-0205-04,-0205-12,-0205-04to-0205-12,false,false,false,yes,,
human,P1,stage2,Human+AI,H-C2,H-C2,23,7.27.6,项羽本纪,汉王派张良巡行招抚韩地，张良就给项王写信说：“汉王（没有如约称王关中），有失职守，打算取得关中，实现了原来的约定就停止进军，不敢继续东进。”,time_range,汉元年四月,汉二年冬,-0205-04,-0205-12,-0205-04to-0205-12,false,false,false,yes,,
human,P1,stage2,Human+AI,H-C2,H-C2,24,7.27.7,项羽本纪,张良又把齐、梁的反叛文告送给项王，说：“齐想和赵并力灭楚。”楚军因此无意西进，而向北攻打齐国。,time_range,汉元年四月,汉二年冬,-0205-04,-0205-12,-0205-04to-0205-12,false,false,false,yes,,
human,P1,stage2,Human+AI,H-C2,H-C2,25,7.27.8,项羽本纪,项王向九江王黥布征调兵力。,time_range,汉元年四月,汉二年冬,-0205-04,-0205-12,-0205-04to-0205-12,false,false,false,yes,,
human,P1,stage2,Human+AI,H-C2,H-C2,26,7.27.9,项羽本纪,黥布称病不往，派将领率兵几千人前去。,time_range,汉元年四月,汉二年冬,-0205-04,-0205-12,-0205-04to-0205-12,false,false,false,yes,,
human,P1,stage2,Human+AI,H-C2,H-C2,27,7.27.10,项羽本纪,项王从此怨恨黥布。,time_range,汉元年四月,汉二年冬,-0205-04,-0205-12,-0205-04to-0205-12,false,false,false,yes,,
human,P1,stage2,Human+AI,H-C2,H-C2,28,7.28.1,项羽本纪,汉二年冬，项羽北上到达城阳，田荣也率军到此与项羽会战。,time_range,汉二年冬,汉三年,-0205-12,-0204-10,-0205-12to-0204-10,false,false,false,yes,,
human,P1,stage2,Human+AI,H-C2,H-C2,29,7.28.2,项羽本纪,田荣兵败，逃到平原，平原百姓杀死了他。,time_range,汉二年冬,汉三年,-0205-12,-0204-10,-0205-12to-0204-10,false,false,false,yes,,
human,P1,stage2,Human+AI,H-C2,H-C2,30,7.28.3,项羽本纪,楚军北进，烧毁齐国房屋，夷平齐国城郭，坑杀田荣降卒，掳掠老弱妇女。,time_range,汉二年冬,汉三年,-0205-12,-0204-10,-0205-12to-0204-10,false,false,false,yes,,
human,P1,stage2,Human+AI,H-C2,H-C2,31,7.32.1,项羽本纪,汉三年，项王屡次侵夺汉军的甬道，汉王粮食缺乏，恐慌起来，请求讲和，划分荥阳以西归汉。,time_range,汉三年,汉四年,-0204-10,-0203-10,-0204-10to-0203-10,false,false,false,yes,,
human,P1,stage2,Human+AI,H-C2,H-C2,32,7.32.2,项羽本纪,项王想要答应他。,time_range,汉三年,汉四年,-0204-10,-0203-10,-0204-10to-0203-10,false,false,false,yes,,
human,P1,stage2,Human+AI,H-C2,H-C2,33,7.32.3,项羽本纪,历阳侯范增说：“汉军容易对付，现在放掉他们，不予以消灭，以后一定要懊悔。”,time_range,汉三年,汉四年,-0204-10,-0203-10,-0204-10to-0203-10,false,false,false,yes,,
human,P1,stage2,Human+AI,H-C2,H-C2,34,7.32.4,项羽本纪,项王就和范增加紧围攻荥阳。,time_range,汉三年,汉四年,-0204-10,-0203-10,-0204-10to-0203-10,false,false,false,yes,,
human,P1,stage2,Human+AI,H-C2,H-C2,35,7.35.2,项羽本纪,汉四年，项王围攻成皋。,time_range,汉四年,+infinity,-0203-10,+infinity,-0203-10to+infinity,false,false,false,yes,,
human,P3,stage1,Human-only,H-C3,H-C3,1,8.5.1,高祖本纪,高祖作亭长时，曾经请假回家。,time_range,-infinity,汉元年十月,-infinity,-0206-10,-infinityto-0206-10,false,false,false,,,
human,P3,stage1,Human-only,H-C3,H-C3,2,8.5.2,高祖本纪,吕后与两个孩子在田间除草，有一老人路过，要些水喝，吕后就请他吃了饭。,time_range,-infinity,汉元年十月,-infinity,-0206-10,-infinityto-0206-10,false,false,false,,,
human,P3,stage1,Human-only,H-C3,H-C3,3,8.5.3,高祖本纪,老人给吕后相面，说：“夫人是天下的贵人。”吕后让他给两个孩子看相。,time_range,-infinity,汉元年十月,-infinity,-0206-10,-infinityto-0206-10,false,false,false,,,
human,P3,stage1,Human-only,H-C3,H-C3,4,8.5.4,高祖本纪,老人看了孝惠，说：“夫人所以显贵，就是这个孩子的缘故。”看了鲁元，也是贵相。,time_range,-infinity,汉元年十月,-infinity,-0206-10,-infinityto-0206-10,false,false,false,,,
human,P3,stage1,Human-only,H-C3,H-C3,5,8.5.5,高祖本纪,老人已经走了，高祖正好从别人家来到田间，吕后告诉他一位客人从这里经过，给我们母子看相，说将来都是大贵人，高祖问老父在哪儿.,time_range,-infinity,汉元年十月,-infinity,-0206-10,-infinityto-0206-10,false,false,false,,,
human,P3,stage1,Human-only,H-C3,H-C3,6,8.5.6,高祖本纪,吕后说：“走出不远。”,time_range,-infinity,汉元年十月,-infinity,-0206-10,-infinityto-0206-10,false,false,false,,,
human,P3,stage1,Human-only,H-C3,H-C3,7,8.5.7,高祖本纪,高祖追上了老人，向他询问。,time_range,-infinity,汉元年十月,-infinity,-0206-10,-infinityto-0206-10,false,false,false,,,
human,P3,stage1,Human-only,H-C3,H-C3,8,8.5.8,高祖本纪,老人说：“刚才相过夫人和孩子，他们都跟你相似，你的相貌，贵不可言。”,time_range,-infinity,汉元年十月,-infinity,-0206-10,-infinityto-0206-10,false,false,false,,,
human,P3,stage1,Human-only,H-C3,H-C3,9,8.5.9,高祖本纪,高祖便道谢说：“如果真像老父所说，决不忘记对我的恩德。”,time_range,-infinity,汉元年十月,-infinity,-0206-10,-infinityto-0206-10,false,false,false,,,
human,P3,stage1,Human-only,H-C3,H-C3,10,8.5.10,高祖本纪,等到高祖显贵，竟然不知道老人的去处了。,time_range,-infinity,汉元年十月,-infinity,-0206-10,-infinityto-0206-10,false,false,false,,,
human,P3,stage1,Human-only,H-C3,H-C3,11,8.6.1,高祖本纪,高祖做亭长，以竹皮为帽，这帽子是他派求盗到薛县制做的，经常戴着它。,time_range,,,,,,false,true,false,,,
human,P3,stage1,Human-only,H-C3,H-C3,12,8.22.1,高祖本纪,汉元年十月，沛公的军队先于各路诸侯到达霸上。,time_range,汉元年十月,汉元年十一月,-0206-10,-0206-11,-0206-10to-0206-11,false,false,false,,,
human,P3,stage1,Human-only,H-C3,H-C3,13,8.22.2,高祖本纪,秦王于婴素车白马，用丝带系着脖子，封了皇帝的印玺和符节，在轵道旁投降。,time_range,汉元年十月,汉元年十一月,-0206-10,-0206-11,-0206-10to-0206-11,false,false,false,,,
human,P3,stage1,Human-only,H-C3,H-C3,14,8.22.3,高祖本纪,将领们有的主张杀死秦王。,time_range,汉元年十月,汉元年十一月,-0206-10,-0206-11,-0206-10to-0206-11,false,false,false,,,
human,P3,stage1,Human-only,H-C3,H-C3,15,8.22.4,高祖本纪,沛公说：“当初楚怀王派遣我，本来是因为我能宽大容人。况且人家已经降服，又杀死人家，不吉利。”,time_range,汉元年十月,汉元年十一月,-0206-10,-0206-11,-0206-10to-0206-11,false,false,false,,,
human,P3,stage1,Human-only,H-C3,H-C3,16,8.22.5,高祖本纪,于是就把秦王交给了官吏，向西进入咸阳。,time_range,汉元年十月,汉元年十一月,-0206-10,-0206-11,-0206-10to-0206-11,false,false,false,,,
human,P3,stage1,Human-only,H-C3,H-C3,17,8.22.6,高祖本纪,沛公想要留在宫殿中休息，樊哙、张良劝说后，才封闭了秦宫的贵重珍宝、财物和库房，回军霸上。,time_range,汉元年十月,汉元年十一月,-0206-10,-0206-11,-0206-10to-0206-11,false,false,false,,,
human,P3,stage1,Human-only,H-C3,H-C3,18,8.22.7,高祖本纪,召集各县的父老、豪杰说：“父老们苦于秦朝的严刑峻法已经很久了，诽谤朝政的要灭族，相聚议论的要在街市上处斩。我和诸侯们约定，先入关的在关中称王，我应当称王关中。同父老们约定，法律只有三章：杀人的处死，伤人和抢劫的处以与所犯罪相当的刑罚。其余的秦朝法律全部废除。官吏和百姓都要安居如故。我所以到这里来，是为父老们除害，不会有欺凌暴虐的行为，不要害怕。我所以回军霸上，是等待诸侯们到来制定共同遵守的纪律。”,time_range,汉元年十月,汉元年十一月,-0206-10,-0206-11,-0206-10to-0206-11,false,false,false,,,
human,P3,stage1,Human-only,H-C3,H-C3,19,8.22.8,高祖本纪,沛公派人与秦朝官吏巡行县城乡间，告谕百姓。,time_range,汉元年十月,汉元年十一月,-0206-10,-0206-11,-0206-10to-0206-11,false,false,false,,,
human,P3,stage1,Human-only,H-C3,H-C3,20,8.22.9,高祖本纪,秦地的百姓大为高兴，争先恐后地拿出牛羊酒食款待士兵。,time_range,汉元年十月,汉元年十一月,-0206-10,-0206-11,-0206-10to-0206-11,false,false,false,,,
human,P3,stage1,Human-only,H-C3,H-C3,21,8.22.10,高祖本纪,沛公又谦让不肯接受，说：“仓库的谷子很多，不缺乏，不愿破费百姓。”百姓更加高兴，唯恐沛公不做秦王。,time_range,汉元年十月,汉元年十一月,-0206-10,-0206-11,-0206-10to-0206-11,false,false,false,,,
human,P3,stage1,Human-only,H-C3,H-C3,22,8.23.1,高祖本纪,有人劝沛公说：“秦地比天下富足十倍，地势好。如今听说章邯投降了项羽，项羽就给了雍王的封号，称王于关中。现在即将来到关中就国，你沛公恐怕不能占有这个地方了。应赶快派兵把守函谷关，不让诸侯军进来，逐渐征集关中兵，以加强实力，抵抗诸侯兵。”,time_range,汉元年十月,汉元年十一月,-0206-10,-0206-11,-0206-10to-0206-11,false,false,false,,,
human,P3,stage1,Human-only,H-C3,H-C3,23,8.23.2,高祖本纪,沛公赞成他的计策，照着做了。,time_range,汉元年十月,汉元年十一月,-0206-10,-0206-11,-0206-10to-0206-11,false,false,false,,,
human,P3,stage1,Human-only,H-C3,H-C3,24,8.23.3,高祖本纪,十一月间，项羽果然率领诸侯军西进，想要入关，而关门闭着。,time_range,汉元年十一月,汉元年十二月,-0206-11,-0206-12,-0206-11to-0206-12,false,false,false,,,
human,P3,stage1,Human-only,H-C3,H-C3,25,8.23.4,高祖本纪,听说沛公已经平定关中，大怒，派黥布等攻破了函谷关。,time_range,汉元年十一月,汉元年十二月,-0206-11,-0206-12,-0206-11to-0206-12,false,false,false,,,
human,P3,stage1,Human-only,H-C3,H-C3,26,8.23.5,高祖本纪,十二月间，就到了戏水。,time_range,汉元年十二月,汉元年正月,-0206-12,-0205-01,-0206-12to-0205-01,false,false,false,,,
human,P3,stage1,Human-only,H-C3,H-C3,27,8.23.6,高祖本纪,沛公左司马曹无伤听说项王发怒，,time_range,汉元年十二月,汉元年正月,-0206-12,-0205-01,-0206-12to-0205-01,false,false,false,,,
human,P3,stage1,Human-only,H-C3,H-C3,28,8.23.7,高祖本纪,要攻打沛公，派人告诉项羽说：“沛公想要称王关中，令子婴为相，珍宝被他全部占有了。”,time_range,汉元年十二月,汉元年正月,-0206-12,-0205-01,-0206-12to-0205-01,false,false,false,,,
human,P3,stage1,Human-only,H-C3,H-C3,29,8.23.8,高祖本纪,打算以此求得封赏。,time_range,汉元年十二月,汉元年正月,-0206-12,-0205-01,-0206-12to-0205-01,false,false,false,,,
human,P3,stage1,Human-only,H-C3,H-C3,30,8.23.9,高祖本纪,亚父劝项羽进攻沛公。,time_range,汉元年十二月,汉元年正月,-0206-12,-0205-01,-0206-12to-0205-01,false,false,false,,,
human,P3,stage1,Human-only,H-C3,H-C3,31,8.23.10,高祖本纪,当时项羽饱餐士卒，准备明日会战。,time_range,汉元年十二月,汉元年正月,-0206-12,-0205-01,-0206-12to-0205-01,false,false,false,,,
human,P3,stage1,Human-only,H-C3,H-C3,32,8.23.11,高祖本纪,这时项羽兵四十万，号称百万。,time_range,汉元年十二月,汉元年正月,-0206-12,-0205-01,-0206-12to-0205-01,false,false,false,,,
human,P3,stage1,Human-only,H-C3,H-C3,33,8.23.12,高祖本纪,沛公兵十万，号称二十万，兵力敌不过项羽。,time_range,汉元年十二月,汉元年正月,-0206-12,-0205-01,-0206-12to-0205-01,false,false,false,,,
human,P3,stage1,Human-only,H-C3,H-C3,34,8.23.13,高祖本纪,恰巧项伯要救张良，夜间去见他。,time_range,汉元年十二月,汉元年正月,-0206-12,-0205-01,-0206-12to-0205-01,false,false,false,,,
human,P3,stage1,Human-only,H-C3,H-C3,35,8.23.14,高祖本纪,（回来后，）用道理劝说项羽，项羽取消了进攻沛公的计划。,time_range,汉元年十二月,汉元年正月,-0206-12,-0205-01,-0206-12to-0205-01,false,false,false,,,
human,P3,stage1,Human-only,H-C3,H-C3,36,8.23.15,高祖本纪,沛公带来了一百多骑兵，驰至鸿门，来见项羽，表示歉意。,time_range,汉元年十二月,汉元年正月,-0206-12,-0205-01,-0206-12to-0205-01,false,false,false,,,
human,P3,stage1,Human-only,H-C3,H-C3,37,8.23.16,高祖本纪,项羽说：“这是你沛公左司马曹无伤向我说的。不然，我项羽何至于做这样的事。”,time_range,汉元年十二月,汉元年正月,-0206-12,-0205-01,-0206-12to-0205-01,false,false,false,,,
human,P3,stage1,Human-only,H-C3,H-C3,38,8.23.17,高祖本纪,沛公因为樊哙、张良的缘故，得以脱身返回。,time_range,汉元年十二月,汉元年正月,-0206-12,-0205-01,-0206-12to-0205-01,false,false,false,,,
human,P3,stage1,Human-only,H-C3,H-C3,39,8.23.18,高祖本纪,回来后，立刻杀了曹无伤。,time_range,汉元年十二月,汉元年正月,-0206-12,-0205-01,-0206-12to-0205-01,false,false,false,,,
human,P3,stage1,Human-only,H-C3,H-C3,40,8.24.1,高祖本纪,项羽向西进军，屠杀无辜，焚毁咸阳秦宫室，所过之处，无不遭到摧残破坏。,time_range,汉元年十二月,汉元年正月,-0206-12,-0205-01,-0206-12to-0205-01,false,false,false,,,
human,P3,stage1,Human-only,H-C3,H-C3,41,8.24.2,高祖本纪,秦地的百姓大失所望，然而心里恐惧，不敢不服从。,time_range,汉元年十二月,汉元年正月,-0206-12,-0205-01,-0206-12to-0205-01,false,false,false,,,
human,P3,stage1,Human-only,H-C3,H-C3,42,8.25.1,高祖本纪,项羽派人回去报告楚怀王。,time_range,汉元年十二月,汉元年正月,-0206-12,-0205-01,-0206-12to-0205-01,false,false,false,,,
human,P3,stage1,Human-only,H-C3,H-C3,43,8.25.2,高祖本纪,楚怀王说：“按照原来的约定办。”,time_range,汉元年十二月,汉元年正月,-0206-12,-0205-01,-0206-12to-0205-01,false,false,false,,,
human,P3,stage1,Human-only,H-C3,H-C3,44,8.25.3,高祖本纪,项羽怨恨楚怀王不肯让他与沛公一起西进入关，而派他北上救赵，,time_range,汉元年十二月,汉元年正月,-0206-12,-0205-01,-0206-12to-0205-01,false,false,false,,,
human,P3,stage1,Human-only,H-C3,H-C3,45,8.25.4,高祖本纪,在天下诸侯争夺称王关中的约定中落在后面，他就说：“怀王这个人，我家项梁所立，没有什么功劳，凭什么主持约定。本来安定天下的，是诸位将领和我项籍。”,time_range,汉元年十二月,汉元年正月,-0206-12,-0205-01,-0206-12to-0205-01,false,false,false,,,
human,P3,stage1,Human-only,H-C3,H-C3,46,8.25.5,高祖本纪,就假意推尊楚怀王为义帝，实际上不听从他的命令。,time_range,汉元年十二月,汉元年正月,-0206-12,-0205-01,-0206-12to-0205-01,false,false,false,,,
human,P3,stage1,Human-only,H-C3,H-C3,47,8.26.1,高祖本纪,正月，项羽自立为西楚霸王，在梁、楚地区的九个郡称王，建都彭城。,time_range,汉元年正月,+infinity,-0205-01,+infinity,-0205-01to+infinity,false,false,false,,,
human,P3,stage1,Human-only,H-C3,H-C3,48,8.26.2,高祖本纪,背弃原来的约定，改立沛公为汉王，在巴、蜀、汉中称玉，建都南郑。,time_range,汉元年正月,+infinity,-0205-01,+infinity,-0205-01to+infinity,false,false,false,,,
human,P3,stage1,Human-only,H-C3,H-C3,49,8.26.3,高祖本纪,把关中瓜分为三，封立秦朝的三个将领：章邯为雍王，建都废丘：司马欣为塞王，建都栎阳；董翳为翟王，建都高奴。,time_range,汉元年正月,+infinity,-0205-01,+infinity,-0205-01to+infinity,false,false,false,,,
human,P2,stage2,Human+AI,H-C3,H-C3,1,8.5.1,高祖本纪,高祖作亭长时，曾经请假回家。,time_range,-infinity,汉元年十月,-infinity,-0206-10,-infinityto-0206-10,false,false,true,yes,,
human,P2,stage2,Human+AI,H-C3,H-C3,2,8.5.2,高祖本纪,吕后与两个孩子在田间除草，有一老人路过，要些水喝，吕后就请他吃了饭。,time_range,-infinity,汉元年十月,-infinity,-0206-10,-infinityto-0206-10,false,false,false,no,,"AI建议时间：(-infinity, 汉元年十月)"
human,P2,stage2,Human+AI,H-C3,H-C3,3,8.5.3,高祖本纪,老人给吕后相面，说：“夫人是天下的贵人。”吕后让他给两个孩子看相。,time_range,-infinity,汉元年十月,-infinity,-0206-10,-infinityto-0206-10,false,false,false,no,,"AI建议时间：(-infinity, 汉元年十月)"
human,P2,stage2,Human+AI,H-C3,H-C3,4,8.5.4,高祖本纪,老人看了孝惠，说：“夫人所以显贵，就是这个孩子的缘故。”看了鲁元，也是贵相。,time_range,-infinity,汉元年十月,-infinity,-0206-10,-infinityto-0206-10,false,false,false,no,,"AI建议时间：(-infinity, 汉元年十月)"
human,P2,stage2,Human+AI,H-C3,H-C3,5,8.5.5,高祖本纪,老人已经走了，高祖正好从别人家来到田间，吕后告诉他一位客人从这里经过，给我们母子看相，说将来都是大贵人，高祖问老父在哪儿.,time_range,-infinity,汉元年十月,-infinity,-0206-10,-infinityto-0206-10,false,false,false,no,,"AI建议时间：(-infinity, 汉元年十月)"
human,P2,stage2,Human+AI,H-C3,H-C3,6,8.5.6,高祖本纪,吕后说：“走出不远。”,time_range,-infinity,汉元年十月,-infinity,-0206-10,-infinityto-0206-10,false,false,false,no,,"AI建议时间：(-infinity, 汉元年十月)"
human,P2,stage2,Human+AI,H-C3,H-C3,7,8.5.7,高祖本纪,高祖追上了老人，向他询问。,time_range,-infinity,汉元年十月,-infinity,-0206-10,-infinityto-0206-10,false,false,false,no,,"AI建议时间：(-infinity, 汉元年十月)"
human,P2,stage2,Human+AI,H-C3,H-C3,8,8.5.8,高祖本纪,老人说：“刚才相过夫人和孩子，他们都跟你相似，你的相貌，贵不可言。”,time_range,-infinity,汉元年十月,-infinity,-0206-10,-infinityto-0206-10,false,false,false,no,,"AI建议时间：(-infinity, 汉元年十月)"
human,P2,stage2,Human+AI,H-C3,H-C3,9,8.5.9,高祖本纪,高祖便道谢说：“如果真像老父所说，决不忘记对我的恩德。”,time_range,-infinity,汉元年十月,-infinity,-0206-10,-infinityto-0206-10,false,false,false,no,,"AI建议时间：(-infinity, 汉元年十月)"
human,P2,stage2,Human+AI,H-C3,H-C3,10,8.5.10,高祖本纪,等到高祖显贵，竟然不知道老人的去处了。,time_range,-infinity,汉元年十月,-infinity,-0206-10,-infinityto-0206-10,false,false,false,no,,"AI建议时间：(-infinity, 汉元年十月)"
human,P2,stage2,Human+AI,H-C3,H-C3,11,8.6.1,高祖本纪,高祖做亭长，以竹皮为帽，这帽子是他派求盗到薛县制做的，经常戴着它。,time_range,-infinity,汉元年十月,-infinity,-0206-10,-infinityto-0206-10,false,false,true,yes,,
human,P2,stage2,Human+AI,H-C3,H-C3,12,8.22.1,高祖本纪,汉元年十月，沛公的军队先于各路诸侯到达霸上。,time_range,汉元年十月,汉元年十一月,-0206-10,-0206-11,-0206-10to-0206-11,false,false,false,yes,,
human,P2,stage2,Human+AI,H-C3,H-C3,13,8.22.2,高祖本纪,秦王于婴素车白马，用丝带系着脖子，封了皇帝的印玺和符节，在轵道旁投降。,time_range,汉元年十月,汉元年十一月,-0206-10,-0206-11,-0206-10to-0206-11,false,false,false,yes,,
human,P2,stage2,Human+AI,H-C3,H-C3,14,8.22.3,高祖本纪,将领们有的主张杀死秦王。,time_range,汉元年十月,汉元年十一月,-0206-10,-0206-11,-0206-10to-0206-11,false,false,false,yes,,
human,P2,stage2,Human+AI,H-C3,H-C3,15,8.22.4,高祖本纪,沛公说：“当初楚怀王派遣我，本来是因为我能宽大容人。况且人家已经降服，又杀死人家，不吉利。”,time_range,汉元年十月,汉元年十一月,-0206-10,-0206-11,-0206-10to-0206-11,false,false,false,yes,,
human,P2,stage2,Human+AI,H-C3,H-C3,16,8.22.5,高祖本纪,于是就把秦王交给了官吏，向西进入咸阳。,time_range,汉元年十月,汉元年十一月,-0206-10,-0206-11,-0206-10to-0206-11,false,false,false,yes,,
human,P2,stage2,Human+AI,H-C3,H-C3,17,8.22.6,高祖本纪,沛公想要留在宫殿中休息，樊哙、张良劝说后，才封闭了秦宫的贵重珍宝、财物和库房，回军霸上。,time_range,汉元年十月,汉元年十一月,-0206-10,-0206-11,-0206-10to-0206-11,false,false,false,yes,,
human,P2,stage2,Human+AI,H-C3,H-C3,18,8.22.7,高祖本纪,召集各县的父老、豪杰说：“父老们苦于秦朝的严刑峻法已经很久了，诽谤朝政的要灭族，相聚议论的要在街市上处斩。我和诸侯们约定，先入关的在关中称王，我应当称王关中。同父老们约定，法律只有三章：杀人的处死，伤人和抢劫的处以与所犯罪相当的刑罚。其余的秦朝法律全部废除。官吏和百姓都要安居如故。我所以到这里来，是为父老们除害，不会有欺凌暴虐的行为，不要害怕。我所以回军霸上，是等待诸侯们到来制定共同遵守的纪律。”,time_range,汉元年十月,汉元年十一月,-0206-10,-0206-11,-0206-10to-0206-11,false,false,false,yes,,
human,P2,stage2,Human+AI,H-C3,H-C3,19,8.22.8,高祖本纪,沛公派人与秦朝官吏巡行县城乡间，告谕百姓。,time_range,汉元年十月,汉元年十一月,-0206-10,-0206-11,-0206-10to-0206-11,false,false,false,yes,,
human,P2,stage2,Human+AI,H-C3,H-C3,20,8.22.9,高祖本纪,秦地的百姓大为高兴，争先恐后地拿出牛羊酒食款待士兵。,time_range,汉元年十月,汉元年十一月,-0206-10,-0206-11,-0206-10to-0206-11,false,false,false,yes,,
human,P2,stage2,Human+AI,H-C3,H-C3,21,8.22.10,高祖本纪,沛公又谦让不肯接受，说：“仓库的谷子很多，不缺乏，不愿破费百姓。”百姓更加高兴，唯恐沛公不做秦王。,time_range,汉元年十月,汉元年十一月,-0206-10,-0206-11,-0206-10to-0206-11,false,false,false,yes,,
human,P2,stage2,Human+AI,H-C3,H-C3,22,8.23.1,高祖本纪,有人劝沛公说：“秦地比天下富足十倍，地势好。如今听说章邯投降了项羽，项羽就给了雍王的封号，称王于关中。现在即将来到关中就国，你沛公恐怕不能占有这个地方了。应赶快派兵把守函谷关，不让诸侯军进来，逐渐征集关中兵，以加强实力，抵抗诸侯兵。”,time_range,汉元年十月,汉元年十一月,-0206-10,-0206-11,-0206-10to-0206-11,false,false,false,yes,,
human,P2,stage2,Human+AI,H-C3,H-C3,23,8.23.2,高祖本纪,沛公赞成他的计策，照着做了。,time_range,汉元年十月,汉元年十一月,-0206-10,-0206-11,-0206-10to-0206-11,false,false,false,yes,,
human,P2,stage2,Human+AI,H-C3,H-C3,24,8.23.3,高祖本纪,十一月间，项羽果然率领诸侯军西进，想要入关，而关门闭着。,time_range,汉元年十一月,汉元年十二月,-0206-11,-0206-12,-0206-11to-0206-12,false,false,false,yes,,
human,P2,stage2,Human+AI,H-C3,H-C3,25,8.23.4,高祖本纪,听说沛公已经平定关中，大怒，派黥布等攻破了函谷关。,time_range,汉元年十一月,汉元年十二月,-0206-11,-0206-12,-0206-11to-0206-12,false,false,false,yes,,
human,P2,stage2,Human+AI,H-C3,H-C3,26,8.23.5,高祖本纪,十二月间，就到了戏水。,time_range,汉元年十二月,秦二世三年正月,-0206-12,-0206-01,-0206-12to-0206-01,false,false,false,yes,,
human,P2,stage2,Human+AI,H-C3,H-C3,27,8.23.6,高祖本纪,沛公左司马曹无伤听说项王发怒，,time_range,汉元年十二月,秦二世三年正月,-0206-12,-0206-01,-0206-12to-0206-01,false,false,false,yes,,
human,P2,stage2,Human+AI,H-C3,H-C3,28,8.23.7,高祖本纪,要攻打沛公，派人告诉项羽说：“沛公想要称王关中，令子婴为相，珍宝被他全部占有了。”,time_range,汉元年十二月,秦二世三年正月,-0206-12,-0206-01,-0206-12to-0206-01,false,false,false,yes,,
human,P2,stage2,Human+AI,H-C3,H-C3,29,8.23.8,高祖本纪,打算以此求得封赏。,time_range,汉元年十二月,秦二世三年正月,-0206-12,-0206-01,-0206-12to-0206-01,false,false,false,yes,,
human,P2,stage2,Human+AI,H-C3,H-C3,30,8.23.9,高祖本纪,亚父劝项羽进攻沛公。,time_range,汉元年十二月,秦二世三年正月,-0206-12,-0206-01,-0206-12to-0206-01,false,false,false,yes,,
human,P2,stage2,Human+AI,H-C3,H-C3,31,8.23.10,高祖本纪,当时项羽饱餐士卒，准备明日会战。,time_range,汉元年十二月,秦二世三年正月,-0206-12,-0206-01,-0206-12to-0206-01,false,false,false,yes,,
human,P2,stage2,Human+AI,H-C3,H-C3,32,8.23.11,高祖本纪,这时项羽兵四十万，号称百万。,time_range,汉元年十二月,秦二世三年正月,-0206-12,-0206-01,-0206-12to-0206-01,false,false,false,yes,,
human,P2,stage2,Human+AI,H-C3,H-C3,33,8.23.12,高祖本纪,沛公兵十万，号称二十万，兵力敌不过项羽。,sink,汉元年十二月,秦二世三年正月,-0206-12,-0206-01,-0206-12to-0206-01,false,true,false,no,,
human,P2,stage2,Human+AI,H-C3,H-C3,34,8.23.13,高祖本纪,恰巧项伯要救张良，夜间去见他。,time_range,汉元年十二月,秦二世三年正月,-0206-12,-0206-01,-0206-12to-0206-01,false,false,false,yes,,
human,P2,stage2,Human+AI,H-C3,H-C3,35,8.23.14,高祖本纪,（回来后，）用道理劝说项羽，项羽取消了进攻沛公的计划。,time_range,汉元年十二月,秦二世三年正月,-0206-12,-0206-01,-0206-12to-0206-01,false,false,false,yes,,
human,P2,stage2,Human+AI,H-C3,H-C3,36,8.23.15,高祖本纪,沛公带来了一百多骑兵，驰至鸿门，来见项羽，表示歉意。,time_range,汉元年十二月,秦二世三年正月,-0206-12,-0206-01,-0206-12to-0206-01,false,false,false,yes,,
human,P2,stage2,Human+AI,H-C3,H-C3,37,8.23.16,高祖本纪,项羽说：“这是你沛公左司马曹无伤向我说的。不然，我项羽何至于做这样的事。”,time_range,汉元年十二月,秦二世三年正月,-0206-12,-0206-01,-0206-12to-0206-01,false,false,false,yes,,
human,P2,stage2,Human+AI,H-C3,H-C3,38,8.23.17,高祖本纪,沛公因为樊哙、张良的缘故，得以脱身返回。,time_range,汉元年十二月,秦二世三年正月,-0206-12,-0206-01,-0206-12to-0206-01,false,false,false,yes,,
human,P2,stage2,Human+AI,H-C3,H-C3,39,8.23.18,高祖本纪,回来后，立刻杀了曹无伤。,time_range,汉元年十二月,秦二世三年正月,-0206-12,-0206-01,-0206-12to-0206-01,false,false,false,yes,,
human,P2,stage2,Human+AI,H-C3,H-C3,40,8.24.1,高祖本纪,项羽向西进军，屠杀无辜，焚毁咸阳秦宫室，所过之处，无不遭到摧残破坏。,time_range,汉元年十二月,秦二世三年正月,-0206-12,-0206-01,-0206-12to-0206-01,false,false,false,yes,,
human,P2,stage2,Human+AI,H-C3,H-C3,41,8.24.2,高祖本纪,秦地的百姓大失所望，然而心里恐惧，不敢不服从。,time_range,汉元年十二月,秦二世三年正月,-0206-12,-0206-01,-0206-12to-0206-01,false,false,false,yes,,
human,P2,stage2,Human+AI,H-C3,H-C3,42,8.25.1,高祖本纪,项羽派人回去报告楚怀王。,time_range,汉元年十二月,秦二世三年正月,-0206-12,-0206-01,-0206-12to-0206-01,false,false,false,yes,,
human,P2,stage2,Human+AI,H-C3,H-C3,43,8.25.2,高祖本纪,楚怀王说：“按照原来的约定办。”,time_range,汉元年十二月,秦二世三年正月,-0206-12,-0206-01,-0206-12to-0206-01,false,false,false,yes,,
human,P2,stage2,Human+AI,H-C3,H-C3,44,8.25.3,高祖本纪,项羽怨恨楚怀王不肯让他与沛公一起西进入关，而派他北上救赵，,time_range,汉元年十二月,秦二世三年正月,-0206-12,-0206-01,-0206-12to-0206-01,false,false,false,yes,,
human,P2,stage2,Human+AI,H-C3,H-C3,45,8.25.4,高祖本纪,在天下诸侯争夺称王关中的约定中落在后面，他就说：“怀王这个人，我家项梁所立，没有什么功劳，凭什么主持约定。本来安定天下的，是诸位将领和我项籍。”,time_range,汉元年十二月,秦二世三年正月,-0206-12,-0206-01,-0206-12to-0206-01,false,false,false,yes,,
human,P2,stage2,Human+AI,H-C3,H-C3,46,8.25.5,高祖本纪,就假意推尊楚怀王为义帝，实际上不听从他的命令。,time_range,汉元年十二月,秦二世三年正月,-0206-12,-0206-01,-0206-12to-0206-01,false,false,false,yes,,
human,P2,stage2,Human+AI,H-C3,H-C3,47,8.26.1,高祖本纪,正月，项羽自立为西楚霸王，在梁、楚地区的九个郡称王，建都彭城。,time_range,秦二世三年正月,+infinity,-0206-01,+infinity,-0206-01to+infinity,false,false,false,yes,,
human,P2,stage2,Human+AI,H-C3,H-C3,48,8.26.2,高祖本纪,背弃原来的约定，改立沛公为汉王，在巴、蜀、汉中称玉，建都南郑。,time_range,秦二世三年正月,+infinity,-0206-01,+infinity,-0206-01to+infinity,false,false,false,yes,,
human,P2,stage2,Human+AI,H-C3,H-C3,49,8.26.3,高祖本纪,把关中瓜分为三，封立秦朝的三个将领：章邯为雍王，建都废丘：司马欣为塞王，建都栎阳；董翳为翟王，建都高奴。,time_range,秦二世三年正月,+infinity,-0206-01,+infinity,-0206-01to+infinity,false,false,false,yes,,
human,P4,stage2,Human-only,H-C4,H-C4,1,7.28.1,项羽本纪,汉二年冬，项羽北上到达城阳，田荣也率军到此与项羽会战。,time_range,汉二年冬,汉二年春,-0205-12,-0204-03,-0205-12to-0204-03,false,false,false,,,
human,P4,stage2,Human-only,H-C4,H-C4,2,7.28.2,项羽本纪,田荣兵败，逃到平原，平原百姓杀死了他。,time_range,汉二年冬,汉二年春,-0205-12,-0204-03,-0205-12to-0204-03,false,false,false,,,
human,P4,stage2,Human-only,H-C4,H-C4,3,7.28.3,项羽本纪,楚军北进，烧毁齐国房屋，夷平齐国城郭，坑杀田荣降卒，掳掠老弱妇女。,time_range,汉二年冬,汉二年春,-0205-12,-0204-03,-0205-12to-0204-03,false,false,false,,,
human,P4,stage2,Human-only,H-C4,H-C4,4,7.28.4,项羽本纪,在齐攻城略地，直至北海，到处烧杀掠夺。,time_range,汉二年冬,汉二年春,-0205-12,-0204-03,-0205-12to-0204-03,false,false,false,,,
human,P4,stage2,Human-only,H-C4,H-C4,5,7.28.5,项羽本纪,齐国人联合起来反抗项羽。,time_range,汉二年冬,汉二年春,-0205-12,-0204-03,-0205-12to-0204-03,false,false,false,,,
human,P4,stage2,Human-only,H-C4,H-C4,6,7.28.6,项羽本纪,田荣的弟弟田横收集齐国逃散的士卒，得到几万人，反于城阳。,time_range,汉二年冬,汉二年春,-0205-12,-0204-03,-0205-12to-0204-03,false,false,false,,,
human,P4,stage2,Human-only,H-C4,H-C4,7,7.28.7,项羽本纪,项王因此留下来，连续攻打几次都没有攻下城阳。,time_range,汉二年冬,汉二年春,-0205-12,-0204-03,-0205-12to-0204-03,false,false,false,,,
human,P4,stage2,Human-only,H-C4,H-C4,8,7.29.1,项羽本纪,春天，汉王统率五路诸侯的军队，共五十六万人，东进伐楚。,time_range,汉二年春,汉二年四月,-0204-03,-0204-04,-0204-03to-0204-04,false,false,false,,,
human,P4,stage2,Human-only,H-C4,H-C4,9,7.29.2,项羽本纪,项王听到这个消息，即令诸将攻打齐国，而自己带领精兵三万人南下，由鲁越过胡陵。,time_range,汉二年春,汉二年四月,-0204-03,-0204-04,-0204-03to-0204-04,false,false,false,,,
human,P4,stage2,Human-only,H-C4,H-C4,10,7.29.3,项羽本纪,四月，汉军都已进入彭城，搜掠财物珍宝和美女，天天设筵会饮，项王向西进发，到达萧县，早晨攻击汉军，向东进发，到达彭城，中午，把汉军打得大败。,time_range,汉二年四月,汉三年,-0204-04,-0204-10,-0204-04to-0204-10,false,false,false,,,
human,P4,stage2,Human-only,H-C4,H-C4,11,7.29.4,项羽本纪,汉军溃退，相继逃入谷水、泗水，楚军杀死了十多万汉军士卒。,time_range,汉二年四月,汉三年,-0204-04,-0204-10,-0204-04to-0204-10,false,false,false,,,
human,P4,stage2,Human-only,H-C4,H-C4,12,7.29.5,项羽本纪,汉军向南往山里逃跑，楚军又追击到灵壁东面的睢水上。,time_range,汉二年四月,汉三年,-0204-04,-0204-10,-0204-04to-0204-10,false,false,false,,,
human,P4,stage2,Human-only,H-C4,H-C4,13,7.29.6,项羽本纪,汉军退却，为楚军所逼，拥挤在一起，多被杀伤，汉军十多万人落入睢水，睢水为之不流。,time_range,汉二年四月,汉三年,-0204-04,-0204-10,-0204-04to-0204-10,false,false,false,,,
human,P4,stage2,Human-only,H-C4,H-C4,14,7.29.7,项羽本纪,楚军把汉王包围了三层。,time_range,汉二年四月,汉三年,-0204-04,-0204-10,-0204-04to-0204-10,false,false,false,,,
human,P4,stage2,Human-only,H-C4,H-C4,15,7.29.8,项羽本纪,这时大风从西北刮起，吹断了树木，掀毁了房屋，飞沙走石，天色昏昏沉沉，（狂风夹杂着沙石）向楚军迎面扑来。,time_range,汉二年四月,汉三年,-0204-04,-0204-10,-0204-04to-0204-10,false,false,false,,,
human,P4,stage2,Human-only,H-C4,H-C4,16,7.29.9,项羽本纪,楚军大乱，阵形溃散，汉王才得以和几十个骑兵逃走。,time_range,汉二年四月,汉三年,-0204-04,-0204-10,-0204-04to-0204-10,false,false,false,,,
human,P4,stage2,Human-only,H-C4,H-C4,17,7.29.10,项羽本纪,打算经过沛县，接取家眷西行；楚军也派人追往沛县，掠取汉王家眷。,time_range,汉二年四月,汉三年,-0204-04,-0204-10,-0204-04to-0204-10,false,false,false,,,
human,P4,stage2,Human-only,H-C4,H-C4,18,7.29.11,项羽本纪,家眷都已逃亡，没有和汉王相见。,time_range,汉二年四月,汉三年,-0204-04,-0204-10,-0204-04to-0204-10,false,false,false,,,
human,P4,stage2,Human-only,H-C4,H-C4,19,7.29.12,项羽本纪,汉王在路上遇到了孝惠、鲁元，就用车拉着一块儿走。,time_range,汉二年四月,汉三年,-0204-04,-0204-10,-0204-04to-0204-10,false,false,false,,,
human,P4,stage2,Human-only,H-C4,H-C4,20,7.29.13,项羽本纪,楚军骑兵追赶汉王，汉王着急了，把孝惠、鲁元推下车去，膝公便下车把他们抱上来，这样推下抱上了好几次。,time_range,汉二年四月,汉三年,-0204-04,-0204-10,-0204-04to-0204-10,false,false,false,,,
human,P4,stage2,Human-only,H-C4,H-C4,21,7.29.14,项羽本纪,滕公说：“事虽危急，不是可以把车赶得快一些！怎么能丢弃他们！”,time_range,汉二年四月,汉三年,-0204-04,-0204-10,-0204-04to-0204-10,false,false,false,,,
human,P4,stage2,Human-only,H-C4,H-C4,22,7.29.15,项羽本纪,汉王终于脱身而出。,time_range,汉二年四月,汉三年,-0204-04,-0204-10,-0204-04to-0204-10,false,false,false,,,
human,P4,stage2,Human-only,H-C4,H-C4,23,7.29.16,项羽本纪,他寻找太公、吕后，没有找到。,time_range,汉二年四月,汉三年,-0204-04,-0204-10,-0204-04to-0204-10,false,false,false,,,
human,P4,stage2,Human-only,H-C4,H-C4,24,7.29.17,项羽本纪,审食其跟随太公、吕后从小路潜行，寻找汉王，反而碰上了楚军。,time_range,汉二年四月,汉三年,-0204-04,-0204-10,-0204-04to-0204-10,false,false,false,,,
human,P4,stage2,Human-only,H-C4,H-C4,25,7.29.18,项羽本纪,楚军就带他们回到军营，报告了项王，项王把他们拘留在军营里。,time_range,汉二年四月,汉三年,-0204-04,-0204-10,-0204-04to-0204-10,false,false,false,,,
human,P4,stage2,Human-only,H-C4,H-C4,26,7.30.1,项羽本纪,这时吕后的哥哥周吕侯为汉率兵驻扎在下邑，汉王抄小路来到周吕侯那里，稍稍收集了一些逃散的士卒。,time_range,汉二年四月,汉三年,-0204-04,-0204-10,-0204-04to-0204-10,false,false,false,,,
human,P4,stage2,Human-only,H-C4,H-C4,27,7.30.2,项羽本纪,到了荥阳，各路败军都会合在一起，萧何也征发关中没有著籍的老弱全部来到荥阳，声势又振作起来。,time_range,汉二年四月,汉三年,-0204-04,-0204-10,-0204-04to-0204-10,false,false,false,,,
human,P4,stage2,Human-only,H-C4,H-C4,28,7.30.3,项羽本纪,楚军从彭城出发，常常乘胜追击败兵，与汉军在荥阳南面的京、索之间交战，汉军打败了楚军，楚军因此不能越过荥阳西进。,time_range,汉二年四月,汉三年,-0204-04,-0204-10,-0204-04to-0204-10,false,false,false,,,
human,P4,stage2,Human-only,H-C4,H-C4,29,7.31.1,项羽本纪,项王解救彭城，追赶汉王到达荥阳，田横乘机收复了齐国，立田荣子田广为齐王。,time_range,汉二年四月,汉三年,-0204-04,-0204-10,-0204-04to-0204-10,false,false,false,,,
human,P4,stage2,Human-only,H-C4,H-C4,30,7.31.2,项羽本纪,汉王在彭城战败，诸侯又都向楚背汉。,time_range,汉二年四月,汉三年,-0204-04,-0204-10,-0204-04to-0204-10,false,false,false,,,
human,P4,stage2,Human-only,H-C4,H-C4,31,7.31.3,项羽本纪,汉军驻扎在荥阳，修筑了一条甬道，与黄河相连，以便运取敖仓的粮食。,time_range,汉二年四月,汉三年,-0204-04,-0204-10,-0204-04to-0204-10,false,false,false,,,
human,P4,stage2,Human-only,H-C4,H-C4,32,7.32.1,项羽本纪,汉三年，项王屡次侵夺汉军的甬道，汉王粮食缺乏，恐慌起来，请求讲和，划分荥阳以西归汉。,time_range,汉三年,+infinity,-0204-10,+infinity,-0204-10to+infinity,false,false,false,,,
human,P3,stage2,Human+AI,H-C4,H-C4,1,7.28.1,项羽本纪,汉二年冬，项羽北上到达城阳，田荣也率军到此与项羽会战。,time_range,汉二年冬,汉二年春天,-0205-12,-0204-03,-0205-12to-0204-03,false,false,false,no,,
human,P3,stage2,Human+AI,H-C4,H-C4,2,7.28.2,项羽本纪,田荣兵败，逃到平原，平原百姓杀死了他。,time_range,汉二年冬,汉二年春天,-0205-12,-0204-03,-0205-12to-0204-03,false,false,false,no,,
human,P3,stage2,Human+AI,H-C4,H-C4,3,7.28.3,项羽本纪,楚军北进，烧毁齐国房屋，夷平齐国城郭，坑杀田荣降卒，掳掠老弱妇女。,time_range,汉二年冬,汉二年春天,-0205-12,-0204-03,-0205-12to-0204-03,false,false,false,no,,
human,P3,stage2,Human+AI,H-C4,H-C4,4,7.28.4,项羽本纪,在齐攻城略地，直至北海，到处烧杀掠夺。,time_range,汉二年冬,汉二年春天,-0205-12,-0204-03,-0205-12to-0204-03,false,false,false,no,,
human,P3,stage2,Human+AI,H-C4,H-C4,5,7.28.5,项羽本纪,齐国人联合起来反抗项羽。,time_range,汉二年冬,汉二年春天,-0205-12,-0204-03,-0205-12to-0204-03,false,false,false,no,,
human,P3,stage2,Human+AI,H-C4,H-C4,6,7.28.6,项羽本纪,田荣的弟弟田横收集齐国逃散的士卒，得到几万人，反于城阳。,time_range,汉二年冬,汉二年春天,-0205-12,-0204-03,-0205-12to-0204-03,false,false,false,no,,
human,P3,stage2,Human+AI,H-C4,H-C4,7,7.28.7,项羽本纪,项王因此留下来，连续攻打几次都没有攻下城阳。,time_range,汉二年冬,汉二年春天,-0205-12,-0204-03,-0205-12to-0204-03,false,false,false,no,,
human,P3,stage2,Human+AI,H-C4,H-C4,8,7.29.1,项羽本纪,春天，汉王统率五路诸侯的军队，共五十六万人，东进伐楚。,time_range,汉二年春天,汉王二年四月,-0204-03,-0204-04,-0204-03to-0204-04,false,false,false,no,,
human,P3,stage2,Human+AI,H-C4,H-C4,9,7.29.2,项羽本纪,项王听到这个消息，即令诸将攻打齐国，而自己带领精兵三万人南下，由鲁越过胡陵。,time_range,汉二年春天,汉王二年四月,-0204-03,-0204-04,-0204-03to-0204-04,false,false,false,no,,
human,P3,stage2,Human+AI,H-C4,H-C4,10,7.29.3,项羽本纪,四月，汉军都已进入彭城，搜掠财物珍宝和美女，天天设筵会饮，项王向西进发，到达萧县，早晨攻击汉军，向东进发，到达彭城，中午，把汉军打得大败。,time_range,汉王二年四月,汉三年,-0204-04,-0204-10,-0204-04to-0204-10,false,false,false,yes,,
human,P3,stage2,Human+AI,H-C4,H-C4,11,7.29.4,项羽本纪,汉军溃退，相继逃入谷水、泗水，楚军杀死了十多万汉军士卒。,time_range,汉王二年四月,汉三年,-0204-04,-0204-10,-0204-04to-0204-10,false,false,false,yes,,
human,P3,stage2,Human+AI,H-C4,H-C4,12,7.29.5,项羽本纪,汉军向南往山里逃跑，楚军又追击到灵壁东面的睢水上。,time_range,汉王二年四月,汉三年,-0204-04,-0204-10,-0204-04to-0204-10,false,false,false,yes,,
human,P3,stage2,Human+AI,H-C4,H-C4,13,7.29.6,项羽本纪,汉军退却，为楚军所逼，拥挤在一起，多被杀伤，汉军十多万人落入睢水，睢水为之不流。,time_range,汉王二年四月,汉三年,-0204-04,-0204-10,-0204-04to-0204-10,false,false,false,yes,,
human,P3,stage2,Human+AI,H-C4,H-C4,14,7.29.7,项羽本纪,楚军把汉王包围了三层。,time_range,汉王二年四月,汉三年,-0204-04,-0204-10,-0204-04to-0204-10,false,false,false,yes,,
human,P3,stage2,Human+AI,H-C4,H-C4,15,7.29.8,项羽本纪,这时大风从西北刮起，吹断了树木，掀毁了房屋，飞沙走石，天色昏昏沉沉，（狂风夹杂着沙石）向楚军迎面扑来。,time_range,汉王二年四月,汉三年,-0204-04,-0204-10,-0204-04to-0204-10,false,false,false,yes,,
human,P3,stage2,Human+AI,H-C4,H-C4,16,7.29.9,项羽本纪,楚军大乱，阵形溃散，汉王才得以和几十个骑兵逃走。,time_range,汉王二年四月,汉三年,-0204-04,-0204-10,-0204-04to-0204-10,false,false,false,yes,,
human,P3,stage2,Human+AI,H-C4,H-C4,17,7.29.10,项羽本纪,打算经过沛县，接取家眷西行；楚军也派人追往沛县，掠取汉王家眷。,time_range,汉王二年四月,汉三年,-0204-04,-0204-10,-0204-04to-0204-10,false,false,false,yes,,
human,P3,stage2,Human+AI,H-C4,H-C4,18,7.29.11,项羽本纪,家眷都已逃亡，没有和汉王相见。,time_range,汉王二年四月,汉三年,-0204-04,-0204-10,-0204-04to-0204-10,false,false,false,yes,,
human,P3,stage2,Human+AI,H-C4,H-C4,19,7.29.12,项羽本纪,汉王在路上遇到了孝惠、鲁元，就用车拉着一块儿走。,time_range,汉王二年四月,汉三年,-0204-04,-0204-10,-0204-04to-0204-10,false,false,false,yes,,
human,P3,stage2,Human+AI,H-C4,H-C4,20,7.29.13,项羽本纪,楚军骑兵追赶汉王，汉王着急了，把孝惠、鲁元推下车去，膝公便下车把他们抱上来，这样推下抱上了好几次。,time_range,汉王二年四月,汉三年,-0204-04,-0204-10,-0204-04to-0204-10,false,false,false,yes,,
human,P3,stage2,Human+AI,H-C4,H-C4,21,7.29.14,项羽本纪,滕公说：“事虽危急，不是可以把车赶得快一些！怎么能丢弃他们！”,time_range,汉王二年四月,汉三年,-0204-04,-0204-10,-0204-04to-0204-10,false,false,false,yes,,
human,P3,stage2,Human+AI,H-C4,H-C4,22,7.29.15,项羽本纪,汉王终于脱身而出。,time_range,汉王二年四月,汉三年,-0204-04,-0204-10,-0204-04to-0204-10,false,false,false,yes,,
human,P3,stage2,Human+AI,H-C4,H-C4,23,7.29.16,项羽本纪,他寻找太公、吕后，没有找到。,time_range,汉王二年四月,汉三年,-0204-04,-0204-10,-0204-04to-0204-10,false,false,false,yes,,
human,P3,stage2,Human+AI,H-C4,H-C4,24,7.29.17,项羽本纪,审食其跟随太公、吕后从小路潜行，寻找汉王，反而碰上了楚军。,time_range,汉王二年四月,汉三年,-0204-04,-0204-10,-0204-04to-0204-10,false,false,false,yes,,
human,P3,stage2,Human+AI,H-C4,H-C4,25,7.29.18,项羽本纪,楚军就带他们回到军营，报告了项王，项王把他们拘留在军营里。,time_range,汉王二年四月,汉三年,-0204-04,-0204-10,-0204-04to-0204-10,false,false,false,yes,,
human,P3,stage2,Human+AI,H-C4,H-C4,26,7.30.1,项羽本纪,这时吕后的哥哥周吕侯为汉率兵驻扎在下邑，汉王抄小路来到周吕侯那里，稍稍收集了一些逃散的士卒。,time_range,汉王二年四月,汉三年,-0204-04,-0204-10,-0204-04to-0204-10,false,false,false,yes,,
human,P3,stage2,Human+AI,H-C4,H-C4,27,7.30.2,项羽本纪,到了荥阳，各路败军都会合在一起，萧何也征发关中没有著籍的老弱全部来到荥阳，声势又振作起来。,time_range,汉王二年四月,汉三年,-0204-04,-0204-10,-0204-04to-0204-10,false,false,false,yes,,
human,P3,stage2,Human+AI,H-C4,H-C4,28,7.30.3,项羽本纪,楚军从彭城出发，常常乘胜追击败兵，与汉军在荥阳南面的京、索之间交战，汉军打败了楚军，楚军因此不能越过荥阳西进。,time_range,汉王二年四月,汉三年,-0204-04,-0204-10,-0204-04to-0204-10,false,false,false,yes,,
human,P3,stage2,Human+AI,H-C4,H-C4,29,7.31.1,项羽本纪,项王解救彭城，追赶汉王到达荥阳，田横乘机收复了齐国，立田荣子田广为齐王。,time_range,汉王二年四月,汉三年,-0204-04,-0204-10,-0204-04to-0204-10,false,false,false,yes,,
human,P3,stage2,Human+AI,H-C4,H-C4,30,7.31.2,项羽本纪,汉王在彭城战败，诸侯又都向楚背汉。,time_range,汉王二年四月,汉三年,-0204-04,-0204-10,-0204-04to-0204-10,false,false,false,yes,,
human,P3,stage2,Human+AI,H-C4,H-C4,31,7.31.3,项羽本纪,汉军驻扎在荥阳，修筑了一条甬道，与黄河相连，以便运取敖仓的粮食。,time_range,汉王二年四月,汉三年,-0204-04,-0204-10,-0204-04to-0204-10,false,false,false,yes,,
human,P3,stage2,Human+AI,H-C4,H-C4,32,7.32.1,项羽本纪,汉三年，项王屡次侵夺汉军的甬道，汉王粮食缺乏，恐慌起来，请求讲和，划分荥阳以西归汉。,time_range,汉三年,+infinity,-0204-10,+infinity,-0204-10to+infinity,false,false,false,yes,,
human,P5,stage2,Human-only,H-C5,H-C5a,1,8.16.1,高祖本纪,秦二世三年，楚怀王看到项梁的军队被打垮了，心里恐惧，迁离盱台，建都彭城，合并吕臣、项羽的军队，亲自统率。,time_range,秦二世三年,汉元年十一月,-0207-10,-0206-11,-0207-10to-0206-11,false,false,false,,,
human,P5,stage2,Human-only,H-C5,H-C5a,2,8.16.2,高祖本纪,以沛公任砀郡长，封为武安侯，统领砀郡的军队。,time_range,秦二世三年,汉元年十一月,-0207-10,-0206-11,-0207-10to-0206-11,false,false,false,,,
human,P5,stage2,Human-only,H-C5,H-C5a,3,8.16.3,高祖本纪,封项羽为长安侯，号为鲁公。,time_range,秦二世三年,汉元年十一月,-0207-10,-0206-11,-0207-10to-0206-11,false,false,false,,,
human,P5,stage2,Human-only,H-C5,H-C5a,4,8.16.4,高祖本纪,吕臣任司徒，他的父亲吕青作令尹。,time_range,秦二世三年,汉元年十一月,-0207-10,-0206-11,-0207-10to-0206-11,false,false,false,,,
human,P5,stage2,Human-only,H-C5,H-C5a,5,8.17.1,高祖本纪,赵多次请求救援，楚怀王就以宋义为上将军，项羽为次将，范增为未将，北上救赵。,time_range,秦二世三年,汉元年十一月,-0207-10,-0206-11,-0207-10to-0206-11,false,false,false,,,
human,P5,stage2,Human-only,H-C5,H-C5a,6,8.17.2,高祖本纪,命令沛公西出略地，打入关中。,time_range,秦二世三年,汉元年十一月,-0207-10,-0206-11,-0207-10to-0206-11,false,false,false,,,
human,P5,stage2,Human-only,H-C5,H-C5a,7,8.17.3,高祖本纪,同将领们约定：先攻入关中的，就封在关中做王。,time_range,秦二世三年,汉元年十一月,-0207-10,-0206-11,-0207-10to-0206-11,false,false,false,,,
human,P5,stage2,Human-only,H-C5,H-C5a,8,8.18.1,高祖本纪,这时候，秦军强盛，常常乘胜追击，众将领没有认为先入关的是有利的。,time_range,秦二世三年,汉元年十一月,-0207-10,-0206-11,-0207-10to-0206-11,false,false,false,,,
human,P5,stage2,Human-only,H-C5,H-C5a,9,8.18.2,高祖本纪,唯独项羽痛恨秦打垮了项梁的军队，心中愤激，愿和沛公西进入关。,time_range,秦二世三年,汉元年十一月,-0207-10,-0206-11,-0207-10to-0206-11,false,false,false,,,
human,P5,stage2,Human-only,H-C5,H-C5a,10,8.18.3,高祖本纪,怀王的老将都说：“项羽为人轻捷而凶猛，狡诈而残忍。项羽曾经攻打襄城，襄城没有留下一个活人，全都活埋了。所经过的地方，无不残杀毁灭。况且楚军多次进兵攻取，（没有获胜，）以前陈王、项梁都失败了。不如另派宽厚长者，以正义为号召，向西进发，把道理向秦父老兄弟讲清楚。秦父老兄弟苦于他们君主的统治很久了，现在如果真能得到宽厚长者去关中，不加欺凌暴虐，应该能够拿下关中。而今项羽剽悍，不可派遣。只有沛公向来是宽大长者，可以派遣。”,time_range,秦二世三年,汉元年十一月,-0207-10,-0206-11,-0207-10to-0206-11,false,false,false,,,
human,P5,stage2,Human-only,H-C5,H-C5a,11,8.18.4,高祖本纪,终于没有答应项羽，而派遣沛公西进攻取秦地。,time_range,秦二世三年,汉元年十一月,-0207-10,-0206-11,-0207-10to-0206-11,false,false,false,,,
human,P5,stage2,Human-only,H-C5,H-C5a,12,8.18.5,高祖本纪,收集陈王、项梁的散兵，路经砀，到达成阳，与杠里的秦军对垒，打败了秦军的两支部队。,time_range,秦二世三年,汉元年十一月,-0207-10,-0206-11,-0207-10to-0206-11,false,false,false,,,
human,P5,stage2,Human-only,H-C5,H-C5a,13,8.22.8,高祖本纪,沛公派人与秦朝官吏巡行县城乡间，告谕百姓。,time_range,秦二世三年,汉元年十一月,-0207-10,-0206-11,-0207-10to-0206-11,false,false,false,,,
human,P5,stage2,Human-only,H-C5,H-C5a,14,8.22.9,高祖本纪,秦地的百姓大为高兴，争先恐后地拿出牛羊酒食款待士兵。,time_range,秦二世三年,汉元年十一月,-0207-10,-0206-11,-0207-10to-0206-11,false,false,false,,,
human,P5,stage2,Human-only,H-C5,H-C5a,15,8.22.10,高祖本纪,沛公又谦让不肯接受，说：“仓库的谷子很多，不缺乏，不愿破费百姓。”百姓更加高兴，唯恐沛公不做秦王。,time_range,秦二世三年,汉元年十一月,-0207-10,-0206-11,-0207-10to-0206-11,false,false,false,,,
human,P5,stage2,Human-only,H-C5,H-C5a,16,8.23.1,高祖本纪,有人劝沛公说：“秦地比天下富足十倍，地势好。如今听说章邯投降了项羽，项羽就给了雍王的封号，称王于关中。现在即将来到关中就国，你沛公恐怕不能占有这个地方了。应赶快派兵把守函谷关，不让诸侯军进来，逐渐征集关中兵，以加强实力，抵抗诸侯兵。”,time_range,秦二世三年,汉元年十一月,-0207-10,-0206-11,-0207-10to-0206-11,false,false,false,,,
human,P5,stage2,Human-only,H-C5,H-C5a,17,8.23.2,高祖本纪,沛公赞成他的计策，照着做了。,time_range,秦二世三年,汉元年十一月,-0207-10,-0206-11,-0207-10to-0206-11,false,false,false,,,
human,P5,stage2,Human-only,H-C5,H-C5a,18,8.23.3,高祖本纪,汉元年十一月间，项羽果然率领诸侯军西进，想要入关，而关门闭着。,time_range,汉元年十一月,汉元年十二月,-0206-11,-0206-12,-0206-11to-0206-12,false,false,false,,,
human,P5,stage2,Human-only,H-C5,H-C5a,19,8.23.4,高祖本纪,听说沛公已经平定关中，大怒，派黥布等攻破了函谷关。,time_range,汉元年十一月,汉元年十二月,-0206-11,-0206-12,-0206-11to-0206-12,false,false,false,,,
human,P5,stage2,Human-only,H-C5,H-C5a,20,8.23.5,高祖本纪,十二月间，就到了戏水。,time_range,汉元年十二月,+infinity,-0206-12,+infinity,-0206-12to+infinity,false,false,false,,,
human,P5,stage2,Human-only,H-C5,H-C5a,21,8.23.6,高祖本纪,沛公左司马曹无伤听说项王发怒，,time_range,汉元年十二月,+infinity,-0206-12,+infinity,-0206-12to+infinity,false,false,false,,,
human,P5,stage2,Human-only,H-C5,H-C5a,22,8.23.7,高祖本纪,要攻打沛公，派人告诉项羽说：“沛公想要称王关中，令子婴为相，珍宝被他全部占有了。”,time_range,汉元年十二月,+infinity,-0206-12,+infinity,-0206-12to+infinity,false,false,false,,,
human,P5,stage2,Human-only,H-C5,H-C5a,23,8.23.8,高祖本纪,打算以此求得封赏。,time_range,汉元年十二月,+infinity,-0206-12,+infinity,-0206-12to+infinity,false,false,false,,,
human,P5,stage2,Human-only,H-C5,H-C5a,24,8.23.9,高祖本纪,亚父劝项羽进攻沛公。,time_range,汉元年十二月,+infinity,-0206-12,+infinity,-0206-12to+infinity,false,false,false,,,
human,P5,stage2,Human-only,H-C5,H-C5b,25,7.8.9,项羽本纪,沛公、项羽离开外黄攻打陈留，陈留坚兵固守，不能攻下。,time_range,秦二世三年,+infinity,-0207-10,+infinity,-0207-10to+infinity,false,false,false,,,
human,P5,stage2,Human-only,H-C5,H-C5b,26,7.8.10,项羽本纪,沛公、项羽互相商量说：“如今项梁的军队垮了，士卒恐惧。”,time_range,秦二世三年,+infinity,-0207-10,+infinity,-0207-10to+infinity,false,false,false,,,
human,P5,stage2,Human-only,H-C5,H-C5b,27,7.8.11,项羽本纪,于是就领兵同吕臣的军队一起向东进发。,time_range,秦二世三年,+infinity,-0207-10,+infinity,-0207-10to+infinity,false,false,false,,,
human,P5,stage2,Human-only,H-C5,H-C5b,28,7.8.12,项羽本纪,吕臣驻扎在彭城东面，项羽驻扎在彭城西面，沛公驻扎在砀。,time_range,秦二世三年,+infinity,-0207-10,+infinity,-0207-10to+infinity,false,false,false,,,
human,P5,stage2,Human-only,H-C5,H-C5b,29,7.9.1,项羽本纪,章邯已经打垮了项梁的军队，以为楚地的敌人不用担心了，就渡过黄河攻打赵地，大破赵军。,time_range,秦二世三年,+infinity,-0207-10,+infinity,-0207-10to+infinity,false,false,false,,,
human,P5,stage2,Human-only,H-C5,H-C5b,30,7.9.2,项羽本纪,这个时候，赵歇为赵王，陈余为将，张耳为相，都跑进了巨鹿城。,time_range,秦二世三年,+infinity,-0207-10,+infinity,-0207-10to+infinity,false,false,false,,,
human,P5,stage2,Human-only,H-C5,H-C5b,31,7.9.3,项羽本纪,章邯命令王离、涉间围攻巨鹿，章邯驻扎在巨鹿南面，修筑甬道输送粮食。,time_range,秦二世三年,+infinity,-0207-10,+infinity,-0207-10to+infinity,false,false,false,,,
human,P5,stage2,Human-only,H-C5,H-C5b,32,7.9.4,项羽本纪,陈余作为将领，统率士卒数万人驻扎在巨鹿的北面，这就是所说的河北之军。,time_range,秦二世三年,+infinity,-0207-10,+infinity,-0207-10to+infinity,false,false,false,,,
human,P5,stage2,Human-only,H-C5,H-C5b,33,7.10.1,项羽本纪,楚军在定陶打了败仗，楚怀王很恐惧，从盱台前往彭城，合并了项羽、吕臣的军队亲自统率。,time_range,秦二世三年,+infinity,-0207-10,+infinity,-0207-10to+infinity,false,false,false,,,
human,P5,stage2,Human-only,H-C5,H-C5b,34,7.10.2,项羽本纪,以吕臣为司徒，用他的父亲叶青为令尹。,time_range,秦二世三年,+infinity,-0207-10,+infinity,-0207-10to+infinity,false,false,false,,,
human,P5,stage2,Human-only,H-C5,H-C5b,35,7.10.3,项羽本纪,以沛公为砀郡长，封为武安侯，统率砀郡的军队。,time_range,秦二世三年,+infinity,-0207-10,+infinity,-0207-10to+infinity,false,false,false,,,
human,P5,stage2,Human-only,H-C5,H-C5b,36,7.11.1,项羽本纪,以前宋义所遇到的齐国使者高陵君显还在楚国的军队里，他见到楚怀王说：“宋义断定武信君的军队一定失败，过了几天，他的军队果然失败了。军队没有开战而先看到了失败的征兆，这可说是懂得军事了。”,time_range,秦二世三年,+infinity,-0207-10,+infinity,-0207-10to+infinity,false,false,false,,,
human,P5,stage2,Human-only,H-C5,H-C5b,37,7.11.2,项羽本纪,楚怀王召见宋义，和他商量事情，大为高兴，因此委任为上将军，项羽为鲁公，担任次将，范增为末将，去援救赵国。,time_range,秦二世三年,+infinity,-0207-10,+infinity,-0207-10to+infinity,false,false,false,,,
human,P5,stage2,Human-only,H-C5,H-C5b,38,7.16.3,项羽本纪,等到秦军投降了诸侯军，诸侯军的官兵乘战争胜利的机会，像对待奴隶和俘虏一样地驱使他们，随便折磨侮辱秦军官兵。,time_range,秦二世三年,+infinity,-0207-10,+infinity,-0207-10to+infinity,false,false,false,,,
human,P5,stage2,Human-only,H-C5,H-C5b,39,7.16.4,项羽本纪,秦军官兵多在私下议论说：“章将军等欺骗我们投降诸侯军。如今能够入关破秦，（当然）很好；如果不能，诸侯军俘虏我们东去；秦势必把我们的父母妻子全部处死。”,time_range,秦二世三年,+infinity,-0207-10,+infinity,-0207-10to+infinity,false,false,false,,,
human,P5,stage2,Human-only,H-C5,H-C5b,40,7.16.5,项羽本纪,诸侯军的将领们暗中听到了他们的打算，报告了项羽。,time_range,秦二世三年,+infinity,-0207-10,+infinity,-0207-10to+infinity,false,false,false,,,
human,P5,stage2,Human-only,H-C5,H-C5b,41,7.16.6,项羽本纪,项羽就找来黥布、蒲将军商量说：“秦军官兵还很多，他们心里不服，到了关中不听从命令，事情必然岌岌可危，不如杀掉他们，而只与章邯、长史司马欣、都尉董翳一起入秦。”,time_range,秦二世三年,+infinity,-0207-10,+infinity,-0207-10to+infinity,false,false,false,,,
human,P5,stage2,Human-only,H-C5,H-C5b,42,7.16.7,项羽本纪,于是楚军夜间把秦军士卒二十多万人处死掩埋在新安城南。,time_range,秦二世三年,+infinity,-0207-10,+infinity,-0207-10to+infinity,false,false,false,,,
human,P5,stage2,Human-only,H-C5,H-C5b,43,7.17.1,项羽本纪,项羽将要攻取秦关中地带。,time_range,秦二世三年,+infinity,-0207-10,+infinity,-0207-10to+infinity,false,false,false,,,
human,P5,stage2,Human-only,H-C5,H-C5b,44,7.17.2,项羽本纪,函谷关有兵把守，不能进去。,time_range,秦二世三年,+infinity,-0207-10,+infinity,-0207-10to+infinity,false,false,false,,,
human,P5,stage2,Human-only,H-C5,H-C5b,45,7.17.3,项羽本纪,又听说沛公已经攻破咸阳，项羽大怒，派当阳君等扣关。,time_range,秦二世三年,+infinity,-0207-10,+infinity,-0207-10to+infinity,false,false,false,,,
human,P5,stage2,Human-only,H-C5,H-C5b,46,7.17.4,项羽本纪,项羽便进入了函谷关，到达戏水西岸。,time_range,秦二世三年,+infinity,-0207-10,+infinity,-0207-10to+infinity,false,false,false,,,
human,P5,stage2,Human-only,H-C5,H-C5b,47,7.17.5,项羽本纪,沛公驻军霸上，没有能够和项羽相见。,time_range,秦二世三年,+infinity,-0207-10,+infinity,-0207-10to+infinity,false,false,false,,,
human,P5,stage2,Human-only,H-C5,H-C5b,48,7.17.6,项羽本纪,沛公左司马曹无伤派人对项羽说：“沛公想称王关中，使子婴为相，占有了全部珍宝。”,time_range,秦二世三年,+infinity,-0207-10,+infinity,-0207-10to+infinity,false,false,false,,,
human,P5,stage2,Human-only,H-C5,H-C5b,49,7.17.7,项羽本纪,项羽怒气冲天他说：“明天早晨饱餐士卒，将击溃沛公的军队！”,time_range,秦二世三年,+infinity,-0207-10,+infinity,-0207-10to+infinity,false,false,false,,,
human,P5,stage2,Human-only,H-C5,H-C5b,50,7.17.8,项羽本纪,这时，项羽有兵四十万，驻扎在新丰鸿门，沛公有兵十万，驻扎在霸上。,time_range,秦二世三年,+infinity,-0207-10,+infinity,-0207-10to+infinity,false,false,false,,,
human,P5,stage2,Human-only,H-C5,H-C5b,51,7.17.9,项羽本纪,范增劝告项羽说：“沛公在山东时，贪财好货，喜爱美女。现在进了关，不收财物，不亲近妇女，由此看来，他的志向不小。我叫人观望他上空的云气，都呈龙虎形状，五颜六色，这是天子之气。赶快进击，不要失掉机会。”,time_range,秦二世三年,+infinity,-0207-10,+infinity,-0207-10to+infinity,false,false,false,,,
human,P5,stage2,Human-only,H-C5,H-C5b,52,7.18.1,项羽本纪,楚国左尹项伯这个人，是项羽的叔父，一向和留侯张良相友好。,time_range,秦二世三年,+infinity,-0207-10,+infinity,-0207-10to+infinity,false,false,false,,,
human,P5,stage2,Human-only,H-C5,H-C5b,53,7.18.2,项羽本纪,张良这时跟随着沛公，项伯就夜间骑马跑到沛公军营，私下见到张良，讲述了事情的经过，打算叫张良和他一起离去。,time_range,秦二世三年,+infinity,-0207-10,+infinity,-0207-10to+infinity,false,false,false,,,
human,P5,stage2,Human-only,H-C5,H-C5b,54,7.18.3,项羽本纪,他说：“不要跟他们一起死掉。”,time_range,秦二世三年,+infinity,-0207-10,+infinity,-0207-10to+infinity,false,false,false,,,
human,P5,stage2,Human-only,H-C5,H-C5b,55,7.18.4,项羽本纪,张良说：“我为韩王护送沛公，现在沛公的事情发生了危急，逃走是不道义的，不能不说一声。”,time_range,秦二世三年,+infinity,-0207-10,+infinity,-0207-10to+infinity,false,false,false,,,
human,P5,stage2,Human-only,H-C5,H-C5b,56,7.18.5,项羽本纪,张良就走了进去，把情况全部告诉了沛公。,time_range,秦二世三年,+infinity,-0207-10,+infinity,-0207-10to+infinity,false,false,false,,,
human,P5,stage2,Human-only,H-C5,H-C5b,57,7.18.6,项羽本纪,沛公大吃一惊，说：“怎么办呢？”,time_range,秦二世三年,+infinity,-0207-10,+infinity,-0207-10to+infinity,false,false,false,,,
human,P4,stage1,Human+AI,H-C5,H-C5a,1,8.16.1,高祖本纪,秦二世三年，楚怀王看到项梁的军队被打垮了，心里恐惧，迁离盱台，建都彭城，合并吕臣、项羽的军队，亲自统率。,time_range,秦二世三年,汉元年十一月,-0207-10,-0206-11,-0207-10to-0206-11,false,false,false,no,,
human,P4,stage1,Human+AI,H-C5,H-C5a,2,8.16.2,高祖本纪,以沛公任砀郡长，封为武安侯，统领砀郡的军队。,time_range,秦二世三年,汉元年十一月,-0207-10,-0206-11,-0207-10to-0206-11,false,false,false,no,,
human,P4,stage1,Human+AI,H-C5,H-C5a,3,8.16.3,高祖本纪,封项羽为长安侯，号为鲁公。,time_range,秦二世三年,汉元年十一月,-0207-10,-0206-11,-0207-10to-0206-11,false,false,false,no,,
human,P4,stage1,Human+AI,H-C5,H-C5a,4,8.16.4,高祖本纪,吕臣任司徒，他的父亲吕青作令尹。,time_range,秦二世三年,汉元年十一月,-0207-10,-0206-11,-0207-10to-0206-11,false,false,false,no,,
human,P4,stage1,Human+AI,H-C5,H-C5a,5,8.17.1,高祖本纪,赵多次请求救援，楚怀王就以宋义为上将军，项羽为次将，范增为未将，北上救赵。,time_range,秦二世三年,汉元年十一月,-0207-10,-0206-11,-0207-10to-0206-11,false,false,false,no,,
human,P4,stage1,Human+AI,H-C5,H-C5a,6,8.17.2,高祖本纪,命令沛公西出略地，打入关中。,time_range,秦二世三年,汉元年十一月,-0207-10,-0206-11,-0207-10to-0206-11,false,false,false,no,,
human,P4,stage1,Human+AI,H-C5,H-C5a,7,8.17.3,高祖本纪,同将领们约定：先攻入关中的，就封在关中做王。,time_range,秦二世三年,汉元年十一月,-0207-10,-0206-11,-0207-10to-0206-11,false,false,false,no,,
human,P4,stage1,Human+AI,H-C5,H-C5a,8,8.18.1,高祖本纪,这时候，秦军强盛，常常乘胜追击，众将领没有认为先入关的是有利的。,time_range,秦二世三年,汉元年十一月,-0207-10,-0206-11,-0207-10to-0206-11,false,false,false,no,,
human,P4,stage1,Human+AI,H-C5,H-C5a,9,8.18.2,高祖本纪,唯独项羽痛恨秦打垮了项梁的军队，心中愤激，愿和沛公西进入关。,time_range,秦二世三年,汉元年十一月,-0207-10,-0206-11,-0207-10to-0206-11,false,false,false,no,,
human,P4,stage1,Human+AI,H-C5,H-C5a,10,8.18.3,高祖本纪,怀王的老将都说：“项羽为人轻捷而凶猛，狡诈而残忍。项羽曾经攻打襄城，襄城没有留下一个活人，全都活埋了。所经过的地方，无不残杀毁灭。况且楚军多次进兵攻取，（没有获胜，）以前陈王、项梁都失败了。不如另派宽厚长者，以正义为号召，向西进发，把道理向秦父老兄弟讲清楚。秦父老兄弟苦于他们君主的统治很久了，现在如果真能得到宽厚长者去关中，不加欺凌暴虐，应该能够拿下关中。而今项羽剽悍，不可派遣。只有沛公向来是宽大长者，可以派遣。”,sink,秦二世三年,汉元年十一月,-0207-10,-0206-11,-0207-10to-0206-11,false,true,false,no,,
human,P4,stage1,Human+AI,H-C5,H-C5a,11,8.18.4,高祖本纪,终于没有答应项羽，而派遣沛公西进攻取秦地。,time_range,秦二世三年,汉元年十一月,-0207-10,-0206-11,-0207-10to-0206-11,false,false,false,no,,
human,P4,stage1,Human+AI,H-C5,H-C5a,12,8.18.5,高祖本纪,收集陈王、项梁的散兵，路经砀，到达成阳，与杠里的秦军对垒，打败了秦军的两支部队。,time_range,秦二世三年,汉元年十一月,-0207-10,-0206-11,-0207-10to-0206-11,false,false,false,no,,
human,P4,stage1,Human+AI,H-C5,H-C5a,13,8.22.8,高祖本纪,沛公派人与秦朝官吏巡行县城乡间，告谕百姓。,time_range,秦二世三年,汉元年十一月,-0207-10,-0206-11,-0207-10to-0206-11,false,false,false,no,,
human,P4,stage1,Human+AI,H-C5,H-C5a,14,8.22.9,高祖本纪,秦地的百姓大为高兴，争先恐后地拿出牛羊酒食款待士兵。,time_range,秦二世三年,汉元年十一月,-0207-10,-0206-11,-0207-10to-0206-11,false,false,false,no,,
human,P4,stage1,Human+AI,H-C5,H-C5a,15,8.22.10,高祖本纪,沛公又谦让不肯接受，说：“仓库的谷子很多，不缺乏，不愿破费百姓。”百姓更加高兴，唯恐沛公不做秦王。,time_range,秦二世三年,汉元年十一月,-0207-10,-0206-11,-0207-10to-0206-11,false,false,false,no,,
human,P4,stage1,Human+AI,H-C5,H-C5a,16,8.23.1,高祖本纪,有人劝沛公说：“秦地比天下富足十倍，地势好。如今听说章邯投降了项羽，项羽就给了雍王的封号，称王于关中。现在即将来到关中就国，你沛公恐怕不能占有这个地方了。应赶快派兵把守函谷关，不让诸侯军进来，逐渐征集关中兵，以加强实力，抵抗诸侯兵。”,time_range,秦二世三年,汉元年十一月,-0207-10,-0206-11,-0207-10to-0206-11,false,true,false,no,,
human,P4,stage1,Human+AI,H-C5,H-C5a,17,8.23.2,高祖本纪,沛公赞成他的计策，照着做了。,time_range,秦二世三年,汉元年十一月,-0207-10,-0206-11,-0207-10to-0206-11,false,false,false,no,,
human,P4,stage1,Human+AI,H-C5,H-C5a,18,8.23.3,高祖本纪,汉元年十一月间，项羽果然率领诸侯军西进，想要入关，而关门闭着。,time_range,汉元年十一月,汉元年十二月,-0206-11,-0206-12,-0206-11to-0206-12,false,false,false,yes,,
human,P4,stage1,Human+AI,H-C5,H-C5a,19,8.23.4,高祖本纪,听说沛公已经平定关中，大怒，派黥布等攻破了函谷关。,time_range,汉元年十一月,汉元年十二月,-0206-11,-0206-12,-0206-11to-0206-12,false,false,false,yes,,
human,P4,stage1,Human+AI,H-C5,H-C5a,20,8.23.5,高祖本纪,十二月间，就到了戏水。,time_range,汉元年十二月,+infinity,-0206-12,+infinity,-0206-12to+infinity,false,false,false,yes,,
human,P4,stage1,Human+AI,H-C5,H-C5a,21,8.23.6,高祖本纪,沛公左司马曹无伤听说项王发怒，,time_range,汉元年十二月,+infinity,-0206-12,+infinity,-0206-12to+infinity,false,false,false,yes,,
human,P4,stage1,Human+AI,H-C5,H-C5a,22,8.23.7,高祖本纪,要攻打沛公，派人告诉项羽说：“沛公想要称王关中，令子婴为相，珍宝被他全部占有了。”,time_range,汉元年十二月,+infinity,-0206-12,+infinity,-0206-12to+infinity,false,false,false,yes,,
human,P4,stage1,Human+AI,H-C5,H-C5a,23,8.23.8,高祖本纪,打算以此求得封赏。,time_range,汉元年十二月,+infinity,-0206-12,+infinity,-0206-12to+infinity,false,false,false,yes,,
human,P4,stage1,Human+AI,H-C5,H-C5a,24,8.23.9,高祖本纪,亚父劝项羽进攻沛公。,time_range,汉元年十二月,+infinity,-0206-12,+infinity,-0206-12to+infinity,false,false,false,yes,,
human,P4,stage1,Human+AI,H-C5,H-C5b,25,7.8.9,项羽本纪,沛公、项羽离开外黄攻打陈留，陈留坚兵固守，不能攻下。,time_range,秦二世三年,汉元年十一月,-0207-10,-0206-11,-0207-10to-0206-11,false,false,false,no,,
human,P4,stage1,Human+AI,H-C5,H-C5b,26,7.8.10,项羽本纪,沛公、项羽互相商量说：“如今项梁的军队垮了，士卒恐惧。”,time_range,秦二世三年,汉元年十一月,-0207-10,-0206-11,-0207-10to-0206-11,false,false,false,no,,
human,P4,stage1,Human+AI,H-C5,H-C5b,27,7.8.11,项羽本纪,于是就领兵同吕臣的军队一起向东进发。,time_range,秦二世三年,汉元年十一月,-0207-10,-0206-11,-0207-10to-0206-11,false,false,false,no,,
human,P4,stage1,Human+AI,H-C5,H-C5b,28,7.8.12,项羽本纪,吕臣驻扎在彭城东面，项羽驻扎在彭城西面，沛公驻扎在砀。,time_range,秦二世三年,汉元年十一月,-0207-10,-0206-11,-0207-10to-0206-11,false,false,false,no,,
human,P4,stage1,Human+AI,H-C5,H-C5b,29,7.9.1,项羽本纪,章邯已经打垮了项梁的军队，以为楚地的敌人不用担心了，就渡过黄河攻打赵地，大破赵军。,time_range,秦二世三年,汉元年十一月,-0207-10,-0206-11,-0207-10to-0206-11,false,false,true,no,,
human,P4,stage1,Human+AI,H-C5,H-C5b,30,7.9.2,项羽本纪,这个时候，赵歇为赵王，陈余为将，张耳为相，都跑进了巨鹿城。,time_range,秦二世三年,汉元年十一月,-0207-10,-0206-11,-0207-10to-0206-11,false,false,false,no,,
human,P4,stage1,Human+AI,H-C5,H-C5b,31,7.9.3,项羽本纪,章邯命令王离、涉间围攻巨鹿，章邯驻扎在巨鹿南面，修筑甬道输送粮食。,time_range,秦二世三年,汉元年十一月,-0207-10,-0206-11,-0207-10to-0206-11,false,false,false,no,,
human,P4,stage1,Human+AI,H-C5,H-C5b,32,7.9.4,项羽本纪,陈余作为将领，统率士卒数万人驻扎在巨鹿的北面，这就是所说的河北之军。,time_range,秦二世三年,汉元年十一月,-0207-10,-0206-11,-0207-10to-0206-11,false,false,false,no,,
human,P4,stage1,Human+AI,H-C5,H-C5b,33,7.10.1,项羽本纪,楚军在定陶打了败仗，楚怀王很恐惧，从盱台前往彭城，合并了项羽、吕臣的军队亲自统率。,time_range,秦二世三年,汉元年十一月,-0207-10,-0206-11,-0207-10to-0206-11,false,false,true,no,,
human,P4,stage1,Human+AI,H-C5,H-C5b,34,7.10.2,项羽本纪,以吕臣为司徒，用他的父亲叶青为令尹。,time_range,秦二世三年,汉元年十一月,-0207-10,-0206-11,-0207-10to-0206-11,false,false,false,no,,
human,P4,stage1,Human+AI,H-C5,H-C5b,35,7.10.3,项羽本纪,以沛公为砀郡长，封为武安侯，统率砀郡的军队。,time_range,秦二世三年,汉元年十一月,-0207-10,-0206-11,-0207-10to-0206-11,false,false,false,no,,
human,P4,stage1,Human+AI,H-C5,H-C5b,36,7.11.1,项羽本纪,以前宋义所遇到的齐国使者高陵君显还在楚国的军队里，他见到楚怀王说：“宋义断定武信君的军队一定失败，过了几天，他的军队果然失败了。军队没有开战而先看到了失败的征兆，这可说是懂得军事了。”,time_range,秦二世三年,汉元年十一月,-0207-10,-0206-11,-0207-10to-0206-11,false,true,false,no,,
human,P4,stage1,Human+AI,H-C5,H-C5b,37,7.11.2,项羽本纪,楚怀王召见宋义，和他商量事情，大为高兴，因此委任为上将军，项羽为鲁公，担任次将，范增为末将，去援救赵国。,time_range,秦二世三年,汉元年十一月,-0207-10,-0206-11,-0207-10to-0206-11,false,false,false,no,,
human,P4,stage1,Human+AI,H-C5,H-C5b,38,7.16.3,项羽本纪,等到秦军投降了诸侯军，诸侯军的官兵乘战争胜利的机会，像对待奴隶和俘虏一样地驱使他们，随便折磨侮辱秦军官兵。,time_range,秦二世三年,汉元年十一月,-0207-10,-0206-11,-0207-10to-0206-11,false,false,false,no,,
human,P4,stage1,Human+AI,H-C5,H-C5b,39,7.16.4,项羽本纪,秦军官兵多在私下议论说：“章将军等欺骗我们投降诸侯军。如今能够入关破秦，（当然）很好；如果不能，诸侯军俘虏我们东去；秦势必把我们的父母妻子全部处死。”,time_range,秦二世三年,汉元年十一月,-0207-10,-0206-11,-0207-10to-0206-11,false,true,false,no,,
human,P4,stage1,Human+AI,H-C5,H-C5b,40,7.16.5,项羽本纪,诸侯军的将领们暗中听到了他们的打算，报告了项羽。,time_range,秦二世三年,汉元年十一月,-0207-10,-0206-11,-0207-10to-0206-11,false,false,false,no,,
human,P4,stage1,Human+AI,H-C5,H-C5b,41,7.16.6,项羽本纪,项羽就找来黥布、蒲将军商量说：“秦军官兵还很多，他们心里不服，到了关中不听从命令，事情必然岌岌可危，不如杀掉他们，而只与章邯、长史司马欣、都尉董翳一起入秦。”,time_range,秦二世三年,汉元年十一月,-0207-10,-0206-11,-0207-10to-0206-11,false,false,false,no,,
human,P4,stage1,Human+AI,H-C5,H-C5b,42,7.16.7,项羽本纪,于是楚军夜间把秦军士卒二十多万人处死掩埋在新安城南。,time_range,汉元年十一月,汉元年十二月,-0206-11,-0206-12,-0206-11to-0206-12,false,false,false,no,,
human,P4,stage1,Human+AI,H-C5,H-C5b,43,7.17.1,项羽本纪,项羽将要攻取秦关中地带。,time_range,汉元年十一月,汉元年十二月,-0206-11,-0206-12,-0206-11to-0206-12,false,false,false,no,,
human,P4,stage1,Human+AI,H-C5,H-C5b,44,7.17.2,项羽本纪,函谷关有兵把守，不能进去。,time_range,汉元年十一月,汉元年十二月,-0206-11,-0206-12,-0206-11to-0206-12,false,false,false,no,,
human,P4,stage1,Human+AI,H-C5,H-C5b,45,7.17.3,项羽本纪,又听说沛公已经攻破咸阳，项羽大怒，派当阳君等扣关。,time_range,汉元年十一月,汉元年十二月,-0206-11,-0206-12,-0206-11to-0206-12,false,false,false,no,,
human,P4,stage1,Human+AI,H-C5,H-C5b,46,7.17.4,项羽本纪,项羽便进入了函谷关，到达戏水西岸。,time_range,汉元年十一月,汉元年十二月,-0206-11,-0206-12,-0206-11to-0206-12,false,false,false,no,,
human,P4,stage1,Human+AI,H-C5,H-C5b,47,7.17.5,项羽本纪,沛公驻军霸上，没有能够和项羽相见。,time_range,汉元年十一月,汉元年十二月,-0206-11,-0206-12,-0206-11to-0206-12,false,false,false,no,,
human,P4,stage1,Human+AI,H-C5,H-C5b,48,7.17.6,项羽本纪,沛公左司马曹无伤派人对项羽说：“沛公想称王关中，使子婴为相，占有了全部珍宝。”,time_range,汉元年十一月,汉元年十二月,-0206-11,-0206-12,-0206-11to-0206-12,false,false,false,no,,
human,P4,stage1,Human+AI,H-C5,H-C5b,49,7.17.7,项羽本纪,项羽怒气冲天他说：“明天早晨饱餐士卒，将击溃沛公的军队！”,time_range,汉元年十二月,汉元年十二月,-0206-12,-0206-12,-0206-12to-0206-12,false,false,false,yes,,
human,P4,stage1,Human+AI,H-C5,H-C5b,50,7.17.8,项羽本纪,这时，项羽有兵四十万，驻扎在新丰鸿门，沛公有兵十万，驻扎在霸上。,time_range,汉元年十二月,+infinity,-0206-12,+infinity,-0206-12to+infinity,false,false,false,no,,
human,P4,stage1,Human+AI,H-C5,H-C5b,51,7.17.9,项羽本纪,范增劝告项羽说：“沛公在山东时，贪财好货，喜爱美女。现在进了关，不收财物，不亲近妇女，由此看来，他的志向不小。我叫人观望他上空的云气，都呈龙虎形状，五颜六色，这是天子之气。赶快进击，不要失掉机会。”,time_range,汉元年十二月,+infinity,-0206-12,+infinity,-0206-12to+infinity,false,false,false,no,,
human,P4,stage1,Human+AI,H-C5,H-C5b,52,7.18.1,项羽本纪,楚国左尹项伯这个人，是项羽的叔父，一向和留侯张良相友好。,sink,汉元年十二月,+infinity,-0206-12,+infinity,-0206-12to+infinity,false,true,false,no,,
human,P4,stage1,Human+AI,H-C5,H-C5b,53,7.18.2,项羽本纪,张良这时跟随着沛公，项伯就夜间骑马跑到沛公军营，私下见到张良，讲述了事情的经过，打算叫张良和他一起离去。,time_range,汉元年十二月,+infinity,-0206-12,+infinity,-0206-12to+infinity,false,false,false,no,,
human,P4,stage1,Human+AI,H-C5,H-C5b,54,7.18.3,项羽本纪,他说：“不要跟他们一起死掉。”,time_range,汉元年十二月,+infinity,-0206-12,+infinity,-0206-12to+infinity,false,false,false,no,,
human,P4,stage1,Human+AI,H-C5,H-C5b,55,7.18.4,项羽本纪,张良说：“我为韩王护送沛公，现在沛公的事情发生了危急，逃走是不道义的，不能不说一声。”,time_range,汉元年十二月,+infinity,-0206-12,+infinity,-0206-12to+infinity,false,false,false,no,,
human,P4,stage1,Human+AI,H-C5,H-C5b,56,7.18.5,项羽本纪,张良就走了进去，把情况全部告诉了沛公。,time_range,汉元年十二月,+infinity,-0206-12,+infinity,-0206-12to+infinity,false,false,false,no,,
human,P4,stage1,Human+AI,H-C5,H-C5b,57,7.18.6,项羽本纪,沛公大吃一惊，说：“怎么办呢？”,time_range,汉元年十二月,+infinity,-0206-12,+infinity,-0206-12to+infinity,false,false,false,no,,
human,P6,stage2,Human-only,H-C6,H-C6a,1,8.9.1,高祖本纪,秦二世元年秋天，陈胜等在蕲县起义，到了陈县自立为王，号称“张楚”。,time_range,秦二世元年秋天,秦二世二年,-0209-09,-0208-10,-0209-09to-0208-10,false,false,false,,,
human,P6,stage2,Human-only,H-C6,H-C6a,2,8.9.2,高祖本纪,各郡县都大多杀死长官，响应陈胜。,time_range,秦二世元年秋天,秦二世二年,-0209-09,-0208-10,-0209-09to-0208-10,false,false,false,,,
human,P6,stage2,Human-only,H-C6,H-C6a,3,8.9.3,高祖本纪,沛县县令恐惧，想要以沛具响应陈胜，,time_range,秦二世元年秋天,秦二世二年,-0209-09,-0208-10,-0209-09to-0208-10,false,false,false,,,
human,P6,stage2,Human-only,H-C6,H-C6a,4,8.9.4,高祖本纪,"主吏萧何、狱掾曹参对他说：“您身为秦朝的官吏，如今要叛秦起事，率领沛县子弟，恐怕他们不愿听命。希望您召集逃亡在外面的人,可以得到几百人。利用这股力量胁持群众，群众不敢不听您的命令。”",time_range,秦二世元年秋天,秦二世二年,-0209-09,-0208-10,-0209-09to-0208-10,false,false,false,,,
human,P6,stage2,Human-only,H-C6,H-C6a,5,8.9.5,高祖本纪,县令就派樊哙去召唤刘季，刘季的队伍已经近百人了。,time_range,秦二世元年秋天,秦二世二年,-0209-09,-0208-10,-0209-09to-0208-10,false,false,false,,,
human,P6,stage2,Human-only,H-C6,H-C6a,6,8.10.1,高祖本纪,于是樊哙跟着刘季来到沛县。,time_range,秦二世元年秋天,秦二世二年,-0209-09,-0208-10,-0209-09to-0208-10,false,false,false,,,
human,P6,stage2,Human-only,H-C6,H-C6a,7,8.10.2,高祖本纪,沛县县令又后悔了，恐怕刘季发生变故，就关闭城门，派人防守，（不让刘季进城，）打算杀掉萧何、曹参。,time_range,秦二世元年秋天,秦二世二年,-0209-09,-0208-10,-0209-09to-0208-10,false,false,false,,,
human,P6,stage2,Human-only,H-C6,H-C6a,8,8.10.3,高祖本纪,萧何、曹参恐惧，翻过城墙依附刘季。,time_range,秦二世元年秋天,秦二世二年,-0209-09,-0208-10,-0209-09to-0208-10,false,false,false,,,
human,P6,stage2,Human-only,H-C6,H-C6a,9,8.10.4,高祖本纪,刘季用帛写了一封信，,time_range,秦二世元年秋天,秦二世二年,-0209-09,-0208-10,-0209-09to-0208-10,false,false,false,,,
human,P6,stage2,Human-only,H-C6,H-C6a,10,8.10.5,高祖本纪,射到城上，告诉沛县父老说：“天下苦于秦朝的暴政已经很久了。现在父老为沛令守城，但各国诸侯都已起事，（一旦城破，）就要屠戮沛县。如果沛县父老共同起来杀死沛令，选择子弟中可以立为首领的做领导，以响应诸侯军，那就能保全身家性命。不然的话，父子全遭杀害，死得毫无意义。”,time_range,秦二世元年秋天,秦二世二年,-0209-09,-0208-10,-0209-09to-0208-10,false,false,false,,,
human,P6,stage2,Human-only,H-C6,H-C6a,11,8.10.6,高祖本纪,父老们就率领子弟共同杀了沛令，打开城门，迎接刘季，想让他做柿县县令。,time_range,秦二世元年秋天,秦二世二年,-0209-09,-0208-10,-0209-09to-0208-10,false,false,false,,,
human,P6,stage2,Human-only,H-C6,H-C6a,12,8.10.7,高祖本纪,刘季说：“天下正在混乱当中，诸侯都已起事，如果推选的将领不胜任，就会一败涂地。我不是吝惜自己的生命，只怕才劣力薄，不能保全父兄子弟。这是件大事，希望另外共同推选一位能够胜任的人。”,time_range,秦二世元年秋天,秦二世二年,-0209-09,-0208-10,-0209-09to-0208-10,false,false,false,,,
human,P6,stage2,Human-only,H-C6,H-C6a,13,8.10.8,高祖本纪,萧何、曹参等都是文官，看重身家性命，怕事情不成，秦朝会诛灭他们的全族，所以都推让刘季。,time_range,秦二世元年秋天,秦二世二年,-0209-09,-0208-10,-0209-09to-0208-10,false,false,false,,,
human,P6,stage2,Human-only,H-C6,H-C6a,14,8.10.9,高祖本纪,父老们都说：“我们平时听到刘季许多奇异的事情，看来刘季是该显贵的。而且又经过占卜，没有比刘季更吉利的。”,time_range,秦二世元年秋天,秦二世二年,-0209-09,-0208-10,-0209-09to-0208-10,false,false,false,,,
human,P6,stage2,Human-only,H-C6,H-C6a,15,8.10.10,高祖本纪,这时刘季再三谦让，大家都不敢担任，最后还是立刘季为沛公。,time_range,秦二世元年秋天,秦二世二年,-0209-09,-0208-10,-0209-09to-0208-10,false,false,false,,,
human,P6,stage2,Human-only,H-C6,H-C6a,16,8.10.11,高祖本纪,在沛县衙门的庭院里祭祀黄帝和蚩尤，又用牲血衅鼓旗。,time_range,秦二世元年秋天,秦二世二年,-0209-09,-0208-10,-0209-09to-0208-10,false,false,false,,,
human,P6,stage2,Human-only,H-C6,H-C6a,17,8.10.12,高祖本纪,旗子一律红色，因为刘季所杀蛇是白帝的儿子，杀蛇的是赤帝的儿子，所以崇尚赤色。,time_range,秦二世元年秋天,秦二世二年,-0209-09,-0208-10,-0209-09to-0208-10,false,false,false,,,
human,P6,stage2,Human-only,H-C6,H-C6a,18,8.10.13,高祖本纪,于是少年子弟和有势的官吏，如萧何、曹参、樊哙等人，都为沛公征集兵员，集合了两三千人，攻打胡陵、方与，回军固守丰邑。,time_range,秦二世元年秋天,秦二世二年,-0209-09,-0208-10,-0209-09to-0208-10,false,false,false,,,
human,P6,stage2,Human-only,H-C6,H-C6a,19,8.11.1,高祖本纪,秦二世二年，陈胜将领周章的军队西至戏水而还。,time_range,秦二世二年,汉高祖元年,-0208-10,-0206-10,-0208-10to-0206-10,false,false,false,,,
human,P6,stage2,Human-only,H-C6,H-C6a,20,8.24.2,高祖本纪,汉高祖元年，秦地的百姓大失所望，然而心里恐惧，不敢不服从。,time_range,汉高祖元年,汉高祖元年正月,-0206-10,-0205-01,-0206-10to-0205-01,false,false,false,,,
human,P6,stage2,Human-only,H-C6,H-C6a,21,8.25.1,高祖本纪,项羽派人回去报告楚怀王。,time_range,汉高祖元年,汉高祖元年正月,-0206-10,-0205-01,-0206-10to-0205-01,false,false,false,,,
human,P6,stage2,Human-only,H-C6,H-C6a,22,8.25.2,高祖本纪,楚怀王说：“按照原来的约定办。”,time_range,汉高祖元年,汉高祖元年正月,-0206-10,-0205-01,-0206-10to-0205-01,false,false,false,,,
human,P6,stage2,Human-only,H-C6,H-C6a,23,8.25.3,高祖本纪,项羽怨恨楚怀王不肯让他与沛公一起西进入关，而派他北上救赵，,time_range,汉高祖元年,汉高祖元年正月,-0206-10,-0205-01,-0206-10to-0205-01,false,false,false,,,
human,P6,stage2,Human-only,H-C6,H-C6a,24,8.25.4,高祖本纪,在天下诸侯争夺称王关中的约定中落在后面，他就说：“怀王这个人，我家项梁所立，没有什么功劳，凭什么主持约定。本来安定天下的，是诸位将领和我项籍。”,time_range,汉高祖元年,汉高祖元年正月,-0206-10,-0205-01,-0206-10to-0205-01,false,false,false,,,
human,P6,stage2,Human-only,H-C6,H-C6a,25,8.25.5,高祖本纪,就假意推尊楚怀王为义帝，实际上不听从他的命令。,time_range,汉高祖元年,汉高祖元年正月,-0206-10,-0205-01,-0206-10to-0205-01,false,false,false,,,
human,P6,stage2,Human-only,H-C6,H-C6a,26,8.26.1,高祖本纪,正月，项羽自立为西楚霸王，在梁、楚地区的九个郡称王，建都彭城。,time_range,汉高祖元年正月,汉高祖元年四月,-0205-01,-0205-04,-0205-01to-0205-04,false,false,false,,,
human,P6,stage2,Human-only,H-C6,H-C6a,27,8.26.2,高祖本纪,背弃原来的约定，改立沛公为汉王，在巴、蜀、汉中称玉，建都南郑。,time_range,汉高祖元年正月,汉高祖元年四月,-0205-01,-0205-04,-0205-01to-0205-04,false,false,false,,,
human,P6,stage2,Human-only,H-C6,H-C6a,28,8.26.3,高祖本纪,把关中瓜分为三，封立秦朝的三个将领：章邯为雍王，建都废丘：司马欣为塞王，建都栎阳；董翳为翟王，建都高奴。,time_range,汉高祖元年正月,汉高祖元年四月,-0205-01,-0205-04,-0205-01to-0205-04,false,false,false,,,
human,P6,stage2,Human-only,H-C6,H-C6a,29,8.26.4,高祖本纪,封楚将瑕丘申阳为河南王，建都洛阳。,time_range,汉高祖元年正月,汉高祖元年四月,-0205-01,-0205-04,-0205-01to-0205-04,false,false,false,,,
human,P6,stage2,Human-only,H-C6,H-C6a,30,8.26.5,高祖本纪,封赵将司马印为殷王，建都朝歌。,time_range,汉高祖元年正月,汉高祖元年四月,-0205-01,-0205-04,-0205-01to-0205-04,false,false,false,,,
human,P6,stage2,Human-only,H-C6,H-C6a,31,8.26.6,高祖本纪,赵王歇迁徙代地称王。,time_range,汉高祖元年正月,汉高祖元年四月,-0205-01,-0205-04,-0205-01to-0205-04,false,false,false,,,
human,P6,stage2,Human-only,H-C6,H-C6a,32,8.26.7,高祖本纪,封赵将张耳为常山王，建都襄国。,time_range,汉高祖元年正月,汉高祖元年四月,-0205-01,-0205-04,-0205-01to-0205-04,false,false,false,,,
human,P6,stage2,Human-only,H-C6,H-C6a,33,8.26.8,高祖本纪,封当阳君黥布为九江王，建都六县。,time_range,汉高祖元年正月,汉高祖元年四月,-0205-01,-0205-04,-0205-01to-0205-04,false,false,false,,,
human,P6,stage2,Human-only,H-C6,H-C6a,34,8.26.9,高祖本纪,封楚怀王柱国共敖为临江王，建都江陵。,time_range,汉高祖元年正月,汉高祖元年四月,-0205-01,-0205-04,-0205-01to-0205-04,false,false,false,,,
human,P6,stage2,Human-only,H-C6,H-C6a,35,8.26.10,高祖本纪,封番郡吴芮为衡山王，建都邾县。,time_range,汉高祖元年正月,汉高祖元年四月,-0205-01,-0205-04,-0205-01to-0205-04,false,false,false,,,
human,P6,stage2,Human-only,H-C6,H-C6a,36,8.26.11,高祖本纪,封燕将臧荼为燕王，建都蓟县。,time_range,汉高祖元年正月,汉高祖元年四月,-0205-01,-0205-04,-0205-01to-0205-04,false,false,false,,,
human,P6,stage2,Human-only,H-C6,H-C6a,37,8.26.12,高祖本纪,原来的燕王韩广迁徙辽东称王。,time_range,汉高祖元年正月,汉高祖元年四月,-0205-01,-0205-04,-0205-01to-0205-04,false,false,false,,,
human,P6,stage2,Human-only,H-C6,H-C6a,38,8.26.13,高祖本纪,韩广不服从，臧荼攻杀韩广于无终。,time_range,汉高祖元年正月,汉高祖元年四月,-0205-01,-0205-04,-0205-01to-0205-04,false,false,false,,,
human,P6,stage2,Human-only,H-C6,H-C6a,39,8.26.14,高祖本纪,封成安君陈余河间三县，住在南皮。,time_range,汉高祖元年正月,汉高祖元年四月,-0205-01,-0205-04,-0205-01to-0205-04,false,false,false,,,
human,P6,stage2,Human-only,H-C6,H-C6a,40,8.26.15,高祖本纪,封给梅鋗十万户。,time_range,汉高祖元年正月,汉高祖元年四月,-0205-01,-0205-04,-0205-01to-0205-04,false,false,false,,,
human,P6,stage2,Human-only,H-C6,H-C6a,41,8.27.1,高祖本纪,四月，在项羽旌麾之下罢兵散归，诸侯各自回到封国。,time_range,汉高祖元年四月,汉高祖元年八月,-0205-04,-0205-08,-0205-04to-0205-08,false,false,false,,,
human,P6,stage2,Human-only,H-C6,H-C6a,42,8.29.1,高祖本纪,八月，汉王用韩信的计策，从故道回军，袭击雍王章邯。,time_range,汉高祖元年八月,汉二年,-0205-08,-0205-10,-0205-08to-0205-10,false,false,false,,,
human,P6,stage2,Human-only,H-C6,H-C6a,43,8.29.2,高祖本纪,章邯在陈仓迎击汉军，雍王兵败退走，在好畤停下来接战，又失败了，逃到废丘。,time_range,汉高祖元年八月,汉二年,-0205-08,-0205-10,-0205-08to-0205-10,false,false,false,,,
human,P6,stage2,Human-only,H-C6,H-C6a,44,8.29.3,高祖本纪,汉王随即平定了雍地。,time_range,汉高祖元年八月,汉二年,-0205-08,-0205-10,-0205-08to-0205-10,false,false,false,,,
human,P6,stage2,Human-only,H-C6,H-C6a,45,8.29.4,高祖本纪,向东到达咸阳，率军围困雍王于废丘，而派遣将领攻占了陇西、北地、上郡。,time_range,汉高祖元年八月,汉二年,-0205-08,-0205-10,-0205-08to-0205-10,false,false,false,,,
human,P6,stage2,Human-only,H-C6,H-C6a,46,8.29.5,高祖本纪,派将军薛欧、王吸出武关，借助王陵驻扎在南阳的兵力，迎接太公、吕后于沛县。,time_range,汉高祖元年八月,汉二年,-0205-08,-0205-10,-0205-08to-0205-10,false,false,false,,,
human,P6,stage2,Human-only,H-C6,H-C6a,47,8.29.6,高祖本纪,楚听到这一消息，出兵在阳夏阻挡，汉军不能前进。,time_range,汉高祖元年八月,汉二年,-0205-08,-0205-10,-0205-08to-0205-10,false,false,false,,,
human,P6,stage2,Human-only,H-C6,H-C6a,48,8.29.7,高祖本纪,楚让原吴县县令郑昌为韩王，抵抗汉军。,time_range,汉高祖元年八月,汉二年,-0205-08,-0205-10,-0205-08to-0205-10,false,false,false,,,
human,P6,stage2,Human-only,H-C6,H-C6a,49,8.30.1,高祖本纪,二年，汉王东出略取城邑，塞王司马欣、翟王董翳、河南王申阳都投降了。,time_range,汉二年,+infinity,-0205-10,+infinity,-0205-10to+infinity,false,false,false,,,
human,P6,stage2,Human-only,H-C6,H-C6b,50,53.3.1,萧相国世家,秦朝的御史到泗水郡督察郡的工作时，萧何跟着他的属官办事，经常把事情办得有条有理、清清楚楚。,time_range,-infinity,秦二世元年,-infinity,-0209-10,-infinityto-0209-10,false,false,false,,,
human,P6,stage2,Human-only,H-C6,H-C6b,51,53.3.2,萧相国世家,萧何于是担任了泗水郡卒史的工作，公务考核中名列第一。,time_range,-infinity,秦二世元年,-infinity,-0209-10,-infinityto-0209-10,false,false,false,,,
human,P6,stage2,Human-only,H-C6,H-C6b,52,53.3.3,萧相国世家,秦朝的御史打算入朝进言征调萧何，萧何一再辞谢，才没有被调走。,time_range,-infinity,秦二世元年,-infinity,-0209-10,-infinityto-0209-10,false,false,false,,,
human,P6,stage2,Human-only,H-C6,H-C6b,53,53.4.1,萧相国世家,等到刘邦起事做了沛公，萧何常常做为他的助手督办公务。,time_range,秦二世元年秋,汉高祖三年,-0209-09,-0204-10,-0209-09to-0204-10,false,false,false,,,
human,P6,stage2,Human-only,H-C6,H-C6b,54,53.4.2,萧相国世家,沛公进了咸阳，将领们都争先奔向府库，分取金帛财物，唯独萧何首先进入宫室收取秦朝丞相及御史掌管的法律条文、地理图册、户籍档案等文献资料，并将它们珍藏起来。,time_range,秦二世元年秋,汉高祖三年,-0209-09,-0204-10,-0209-09to-0204-10,false,false,false,,,
human,P6,stage2,Human-only,H-C6,H-C6b,55,53.4.3,萧相国世家,沛公做了汉王，任命萧何为丞相。,time_range,汉高祖元年,汉高祖元年,-0206-10,-0206-10,-0206-10to-0206-10,false,false,true,,,
human,P6,stage2,Human-only,H-C6,H-C6b,56,53.4.4,萧相国世家,项羽和诸侯军队进入咸阳屠杀焚烧了一番就离去了。,time_range,汉高祖元年八月,汉高祖元年,-0205-08,-0206-10,-0205-08to-0206-10,false,false,true,,,
human,P6,stage2,Human-only,H-C6,H-C6b,57,53.4.5,萧相国世家,汉王之所以能够详尽地了解天下的险关要塞，家庭、人口的多少，各地诸方面的强弱，民众的疾苦等，就是因为萧何完好地得到了秦朝的文献档案的缘故。,time_range,汉高祖元年八月,汉高祖二年,-0205-08,-0205-10,-0205-08to-0205-10,false,false,false,,,
human,P6,stage2,Human-only,H-C6,H-C6b,58,53.4.6,萧相国世家,萧何向汉王推荐韩信，汉王任命韩信为大将军。,time_range,汉高祖元年八月,汉高祖元年八月,-0205-08,-0205-08,-0205-08to-0205-08,false,false,false,,,
human,P6,stage2,Human-only,H-C6,H-C6b,59,53.4.7,萧相国世家,此事记载在《淮阴侯列传》中。,time_range,-infinity,汉高祖元年八月,-infinity,-0205-08,-infinityto-0205-08,false,false,false,,,
human,P6,stage2,Human-only,H-C6,H-C6b,60,53.5.1,萧相国世家,汉王领兵东进，平定三秦，萧何以丞相的身分留守治理巴蜀，安抚民众，发布政令，供给军队粮草。,time_range,汉高祖二年,+infinity,-0205-10,+infinity,-0205-10to+infinity,false,false,false,,,
human,P6,stage2,Human-only,H-C6,H-C6b,61,53.5.2,萧相国世家,汉二年，汉王与各路诸侯攻打楚军，萧何守卫关中，侍奉太子，治理栎阳。,time_range,汉高祖二年,+infinity,-0205-10,+infinity,-0205-10to+infinity,false,false,false,,,
human,P5,stage1,Human+AI,H-C6,H-C6a,1,8.9.1,高祖本纪,秦二世元年秋天，陈胜等在蕲县起义，到了陈县自立为王，号称“张楚”。,time_range,秦二世元年秋天,秦二世二年,-0209-09,-0208-10,-0209-09to-0208-10,false,false,false,yes,,
human,P5,stage1,Human+AI,H-C6,H-C6a,2,8.9.2,高祖本纪,各郡县都大多杀死长官，响应陈胜。,time_range,秦二世元年秋天,秦二世二年,-0209-09,-0208-10,-0209-09to-0208-10,false,false,false,yes,,
human,P5,stage1,Human+AI,H-C6,H-C6a,3,8.9.3,高祖本纪,沛县县令恐惧，想要以沛具响应陈胜，,time_range,秦二世元年秋天,秦二世二年,-0209-09,-0208-10,-0209-09to-0208-10,false,false,false,yes,,
human,P5,stage1,Human+AI,H-C6,H-C6a,4,8.9.4,高祖本纪,"主吏萧何、狱掾曹参对他说：“您身为秦朝的官吏，如今要叛秦起事，率领沛县子弟，恐怕他们不愿听命。希望您召集逃亡在外面的人,可以得到几百人。利用这股力量胁持群众，群众不敢不听您的命令。”",time_range,秦二世元年秋天,秦二世二年,-0209-09,-0208-10,-0209-09to-0208-10,false,false,false,yes,,
human,P5,stage1,Human+AI,H-C6,H-C6a,5,8.9.5,高祖本纪,县令就派樊哙去召唤刘季，刘季的队伍已经近百人了。,time_range,秦二世元年秋天,秦二世二年,-0209-09,-0208-10,-0209-09to-0208-10,false,false,false,yes,,
human,P5,stage1,Human+AI,H-C6,H-C6a,6,8.10.1,高祖本纪,于是樊哙跟着刘季来到沛县。,time_range,秦二世元年秋天,秦二世二年,-0209-09,-0208-10,-0209-09to-0208-10,false,false,false,yes,,
human,P5,stage1,Human+AI,H-C6,H-C6a,7,8.10.2,高祖本纪,沛县县令又后悔了，恐怕刘季发生变故，就关闭城门，派人防守，（不让刘季进城，）打算杀掉萧何、曹参。,time_range,秦二世元年秋天,秦二世二年,-0209-09,-0208-10,-0209-09to-0208-10,false,false,false,yes,,
human,P5,stage1,Human+AI,H-C6,H-C6a,8,8.10.3,高祖本纪,萧何、曹参恐惧，翻过城墙依附刘季。,time_range,秦二世元年秋天,秦二世二年,-0209-09,-0208-10,-0209-09to-0208-10,false,false,false,yes,,
human,P5,stage1,Human+AI,H-C6,H-C6a,9,8.10.4,高祖本纪,刘季用帛写了一封信，,time_range,秦二世元年秋天,秦二世二年,-0209-09,-0208-10,-0209-09to-0208-10,false,false,false,yes,,
human,P5,stage1,Human+AI,H-C6,H-C6a,10,8.10.5,高祖本纪,射到城上，告诉沛县父老说：“天下苦于秦朝的暴政已经很久了。现在父老为沛令守城，但各国诸侯都已起事，（一旦城破，）就要屠戮沛县。如果沛县父老共同起来杀死沛令，选择子弟中可以立为首领的做领导，以响应诸侯军，那就能保全身家性命。不然的话，父子全遭杀害，死得毫无意义。”,time_range,秦二世元年秋天,秦二世二年,-0209-09,-0208-10,-0209-09to-0208-10,false,false,false,yes,,
human,P5,stage1,Human+AI,H-C6,H-C6a,11,8.10.6,高祖本纪,父老们就率领子弟共同杀了沛令，打开城门，迎接刘季，想让他做柿县县令。,time_range,秦二世元年秋天,秦二世二年,-0209-09,-0208-10,-0209-09to-0208-10,false,false,false,yes,,
human,P5,stage1,Human+AI,H-C6,H-C6a,12,8.10.7,高祖本纪,刘季说：“天下正在混乱当中，诸侯都已起事，如果推选的将领不胜任，就会一败涂地。我不是吝惜自己的生命，只怕才劣力薄，不能保全父兄子弟。这是件大事，希望另外共同推选一位能够胜任的人。”,time_range,秦二世元年秋天,秦二世二年,-0209-09,-0208-10,-0209-09to-0208-10,false,false,false,yes,,
human,P5,stage1,Human+AI,H-C6,H-C6a,13,8.10.8,高祖本纪,萧何、曹参等都是文官，看重身家性命，怕事情不成，秦朝会诛灭他们的全族，所以都推让刘季。,time_range,秦二世元年秋天,秦二世二年,-0209-09,-0208-10,-0209-09to-0208-10,false,false,false,yes,,
human,P5,stage1,Human+AI,H-C6,H-C6a,14,8.10.9,高祖本纪,父老们都说：“我们平时听到刘季许多奇异的事情，看来刘季是该显贵的。而且又经过占卜，没有比刘季更吉利的。”,time_range,秦二世元年秋天,秦二世二年,-0209-09,-0208-10,-0209-09to-0208-10,false,false,false,yes,,
human,P5,stage1,Human+AI,H-C6,H-C6a,15,8.10.10,高祖本纪,这时刘季再三谦让，大家都不敢担任，最后还是立刘季为沛公。,time_range,秦二世元年秋天,秦二世二年,-0209-09,-0208-10,-0209-09to-0208-10,false,false,false,yes,,
human,P5,stage1,Human+AI,H-C6,H-C6a,16,8.10.11,高祖本纪,在沛县衙门的庭院里祭祀黄帝和蚩尤，又用牲血衅鼓旗。,time_range,秦二世元年秋天,秦二世二年,-0209-09,-0208-10,-0209-09to-0208-10,false,false,false,yes,,
human,P5,stage1,Human+AI,H-C6,H-C6a,17,8.10.12,高祖本纪,旗子一律红色，因为刘季所杀蛇是白帝的儿子，杀蛇的是赤帝的儿子，所以崇尚赤色。,time_range,秦二世元年秋天,秦二世二年,-0209-09,-0208-10,-0209-09to-0208-10,false,false,false,yes,,
human,P5,stage1,Human+AI,H-C6,H-C6a,18,8.10.13,高祖本纪,于是少年子弟和有势的官吏，如萧何、曹参、樊哙等人，都为沛公征集兵员，集合了两三千人，攻打胡陵、方与，回军固守丰邑。,time_range,秦二世元年秋天,秦二世二年,-0209-09,-0208-10,-0209-09to-0208-10,false,false,false,yes,,
human,P5,stage1,Human+AI,H-C6,H-C6a,19,8.11.1,高祖本纪,秦二世二年，陈胜将领周章的军队西至戏水而还。,time_range,秦二世二年,汉高祖元年,-0208-10,-0206-10,-0208-10to-0206-10,false,false,false,yes,,
human,P5,stage1,Human+AI,H-C6,H-C6a,20,8.24.2,高祖本纪,汉高祖元年，秦地的百姓大失所望，然而心里恐惧，不敢不服从。,time_range,汉高祖元年,汉高祖元年正月,-0206-10,-0205-01,-0206-10to-0205-01,false,false,false,no,,
human,P5,stage1,Human+AI,H-C6,H-C6a,21,8.25.1,高祖本纪,项羽派人回去报告楚怀王。,time_range,汉高祖元年,汉高祖元年正月,-0206-10,-0205-01,-0206-10to-0205-01,false,false,false,no,,
human,P5,stage1,Human+AI,H-C6,H-C6a,22,8.25.2,高祖本纪,楚怀王说：“按照原来的约定办。”,time_range,汉高祖元年,汉高祖元年正月,-0206-10,-0205-01,-0206-10to-0205-01,false,false,false,no,,
human,P5,stage1,Human+AI,H-C6,H-C6a,23,8.25.3,高祖本纪,项羽怨恨楚怀王不肯让他与沛公一起西进入关，而派他北上救赵，,time_range,汉高祖元年,汉高祖元年正月,-0206-10,-0205-01,-0206-10to-0205-01,false,false,false,no,,
human,P5,stage1,Human+AI,H-C6,H-C6a,24,8.25.4,高祖本纪,在天下诸侯争夺称王关中的约定中落在后面，他就说：“怀王这个人，我家项梁所立，没有什么功劳，凭什么主持约定。本来安定天下的，是诸位将领和我项籍。”,time_range,汉高祖元年,汉高祖元年正月,-0206-10,-0205-01,-0206-10to-0205-01,false,false,false,no,,
human,P5,stage1,Human+AI,H-C6,H-C6a,25,8.25.5,高祖本纪,就假意推尊楚怀王为义帝，实际上不听从他的命令。,time_range,汉高祖元年,汉高祖元年正月,-0206-10,-0205-01,-0206-10to-0205-01,false,false,false,no,,
human,P5,stage1,Human+AI,H-C6,H-C6a,26,8.26.1,高祖本纪,正月，项羽自立为西楚霸王，在梁、楚地区的九个郡称王，建都彭城。,time_range,汉高祖元年正月,汉高祖元年四月,-0205-01,-0205-04,-0205-01to-0205-04,false,false,false,yes,,
human,P5,stage1,Human+AI,H-C6,H-C6a,27,8.26.2,高祖本纪,背弃原来的约定，改立沛公为汉王，在巴、蜀、汉中称玉，建都南郑。,time_range,汉高祖元年正月,汉高祖元年四月,-0205-01,-0205-04,-0205-01to-0205-04,false,false,false,yes,,
human,P5,stage1,Human+AI,H-C6,H-C6a,28,8.26.3,高祖本纪,把关中瓜分为三，封立秦朝的三个将领：章邯为雍王，建都废丘：司马欣为塞王，建都栎阳；董翳为翟王，建都高奴。,time_range,汉高祖元年正月,汉高祖元年四月,-0205-01,-0205-04,-0205-01to-0205-04,false,false,false,yes,,
human,P5,stage1,Human+AI,H-C6,H-C6a,29,8.26.4,高祖本纪,封楚将瑕丘申阳为河南王，建都洛阳。,time_range,汉高祖元年正月,汉高祖元年四月,-0205-01,-0205-04,-0205-01to-0205-04,false,false,false,yes,,
human,P5,stage1,Human+AI,H-C6,H-C6a,30,8.26.5,高祖本纪,封赵将司马印为殷王，建都朝歌。,time_range,汉高祖元年正月,汉高祖元年四月,-0205-01,-0205-04,-0205-01to-0205-04,false,false,false,yes,,
human,P5,stage1,Human+AI,H-C6,H-C6a,31,8.26.6,高祖本纪,赵王歇迁徙代地称王。,time_range,汉高祖元年正月,汉高祖元年四月,-0205-01,-0205-04,-0205-01to-0205-04,false,false,false,yes,,
human,P5,stage1,Human+AI,H-C6,H-C6a,32,8.26.7,高祖本纪,封赵将张耳为常山王，建都襄国。,time_range,汉高祖元年正月,汉高祖元年四月,-0205-01,-0205-04,-0205-01to-0205-04,false,false,false,yes,,
human,P5,stage1,Human+AI,H-C6,H-C6a,33,8.26.8,高祖本纪,封当阳君黥布为九江王，建都六县。,time_range,汉高祖元年正月,汉高祖元年四月,-0205-01,-0205-04,-0205-01to-0205-04,false,false,false,yes,,
human,P5,stage1,Human+AI,H-C6,H-C6a,34,8.26.9,高祖本纪,封楚怀王柱国共敖为临江王，建都江陵。,time_range,汉高祖元年正月,汉高祖元年四月,-0205-01,-0205-04,-0205-01to-0205-04,false,false,false,yes,,
human,P5,stage1,Human+AI,H-C6,H-C6a,35,8.26.10,高祖本纪,封番郡吴芮为衡山王，建都邾县。,time_range,汉高祖元年正月,汉高祖元年四月,-0205-01,-0205-04,-0205-01to-0205-04,false,false,false,yes,,
human,P5,stage1,Human+AI,H-C6,H-C6a,36,8.26.11,高祖本纪,封燕将臧荼为燕王，建都蓟县。,time_range,汉高祖元年正月,汉高祖元年四月,-0205-01,-0205-04,-0205-01to-0205-04,false,false,false,yes,,
human,P5,stage1,Human+AI,H-C6,H-C6a,37,8.26.12,高祖本纪,原来的燕王韩广迁徙辽东称王。,time_range,汉高祖元年正月,汉高祖元年四月,-0205-01,-0205-04,-0205-01to-0205-04,false,false,false,yes,,
human,P5,stage1,Human+AI,H-C6,H-C6a,38,8.26.13,高祖本纪,韩广不服从，臧荼攻杀韩广于无终。,time_range,汉高祖元年正月,汉高祖元年四月,-0205-01,-0205-04,-0205-01to-0205-04,false,false,false,yes,,
human,P5,stage1,Human+AI,H-C6,H-C6a,39,8.26.14,高祖本纪,封成安君陈余河间三县，住在南皮。,time_range,汉高祖元年正月,汉高祖元年四月,-0205-01,-0205-04,-0205-01to-0205-04,false,false,false,yes,,
human,P5,stage1,Human+AI,H-C6,H-C6a,40,8.26.15,高祖本纪,封给梅鋗十万户。,time_range,汉高祖元年正月,汉高祖元年四月,-0205-01,-0205-04,-0205-01to-0205-04,false,false,false,yes,,
human,P5,stage1,Human+AI,H-C6,H-C6a,41,8.27.1,高祖本纪,四月，在项羽旌麾之下罢兵散归，诸侯各自回到封国。,time_range,汉高祖元年四月,汉高祖元年八月,-0205-04,-0205-08,-0205-04to-0205-08,false,false,false,yes,,
human,P5,stage1,Human+AI,H-C6,H-C6a,42,8.29.1,高祖本纪,八月，汉王用韩信的计策，从故道回军，袭击雍王章邯。,time_range,汉高祖元年八月,汉二年,-0205-08,-0205-10,-0205-08to-0205-10,false,false,false,yes,,
human,P5,stage1,Human+AI,H-C6,H-C6a,43,8.29.2,高祖本纪,章邯在陈仓迎击汉军，雍王兵败退走，在好畤停下来接战，又失败了，逃到废丘。,time_range,汉高祖元年八月,汉二年,-0205-08,-0205-10,-0205-08to-0205-10,false,false,false,yes,,
human,P5,stage1,Human+AI,H-C6,H-C6a,44,8.29.3,高祖本纪,汉王随即平定了雍地。,time_range,汉高祖元年八月,汉二年,-0205-08,-0205-10,-0205-08to-0205-10,false,false,false,yes,,
human,P5,stage1,Human+AI,H-C6,H-C6a,45,8.29.4,高祖本纪,向东到达咸阳，率军围困雍王于废丘，而派遣将领攻占了陇西、北地、上郡。,time_range,汉高祖元年八月,汉二年,-0205-08,-0205-10,-0205-08to-0205-10,false,false,false,no,,
human,P5,stage1,Human+AI,H-C6,H-C6a,46,8.29.5,高祖本纪,派将军薛欧、王吸出武关，借助王陵驻扎在南阳的兵力，迎接太公、吕后于沛县。,time_range,汉高祖元年八月,汉二年,-0205-08,-0205-10,-0205-08to-0205-10,false,false,false,no,,
human,P5,stage1,Human+AI,H-C6,H-C6a,47,8.29.6,高祖本纪,楚听到这一消息，出兵在阳夏阻挡，汉军不能前进。,time_range,汉高祖元年八月,汉二年,-0205-08,-0205-10,-0205-08to-0205-10,false,false,false,no,,
human,P5,stage1,Human+AI,H-C6,H-C6a,48,8.29.7,高祖本纪,楚让原吴县县令郑昌为韩王，抵抗汉军。,time_range,汉高祖元年八月,汉二年,-0205-08,-0205-10,-0205-08to-0205-10,false,false,false,no,,
human,P5,stage1,Human+AI,H-C6,H-C6a,49,8.30.1,高祖本纪,二年，汉王东出略取城邑，塞王司马欣、翟王董翳、河南王申阳都投降了。,time_range,汉二年八月,+infinity,-0204-08,+infinity,-0204-08to+infinity,false,false,false,yes,,
human,P5,stage1,Human+AI,H-C6,H-C6b,50,53.3.1,萧相国世家,秦朝的御史到泗水郡督察郡的工作时，萧何跟着他的属官办事，经常把事情办得有条有理、清清楚楚。,time_range,秦朝的御史到泗水郡督察郡的工作时,秦二世二年,,-0208-10,,false,false,false,no,秦朝的御史到泗水郡督察郡的工作时,
human,P5,stage1,Human+AI,H-C6,H-C6b,51,53.3.2,萧相国世家,萧何于是担任了泗水郡卒史的工作，公务考核中名列第一。,time_range,秦二世二年,秦二世二年,-0208-10,-0208-10,-0208-10to-0208-10,false,true,false,no,,
human,P5,stage1,Human+AI,H-C6,H-C6b,52,53.3.3,萧相国世家,秦朝的御史打算入朝进言征调萧何，萧何一再辞谢，才没有被调走。,time_range,-infinity,汉二年,-infinity,-0205-10,-infinityto-0205-10,false,false,false,no,,
human,P5,stage1,Human+AI,H-C6,H-C6b,53,53.4.1,萧相国世家,等到刘邦起事做了沛公，萧何常常做为他的助手督办公务。,time_range,-infinity,汉二年,-infinity,-0205-10,-infinityto-0205-10,false,false,false,no,,
human,P5,stage1,Human+AI,H-C6,H-C6b,54,53.4.2,萧相国世家,沛公进了咸阳，将领们都争先奔向府库，分取金帛财物，唯独萧何首先进入宫室收取秦朝丞相及御史掌管的法律条文、地理图册、户籍档案等文献资料，并将它们珍藏起来。,time_range,-infinity,汉二年,-infinity,-0205-10,-infinityto-0205-10,false,false,false,no,,
human,P5,stage1,Human+AI,H-C6,H-C6b,55,53.4.3,萧相国世家,沛公做了汉王，任命萧何为丞相。,time_range,-infinity,汉二年,-infinity,-0205-10,-infinityto-0205-10,false,false,false,no,,
human,P5,stage1,Human+AI,H-C6,H-C6b,56,53.4.4,萧相国世家,项羽和诸侯军队进入咸阳屠杀焚烧了一番就离去了。,time_range,-infinity,汉二年,-infinity,-0205-10,-infinityto-0205-10,false,false,false,no,,
human,P5,stage1,Human+AI,H-C6,H-C6b,57,53.4.5,萧相国世家,汉王之所以能够详尽地了解天下的险关要塞，家庭、人口的多少，各地诸方面的强弱，民众的疾苦等，就是因为萧何完好地得到了秦朝的文献档案的缘故。,time_range,-infinity,汉二年,-infinity,-0205-10,-infinityto-0205-10,false,false,false,no,,
human,P5,stage1,Human+AI,H-C6,H-C6b,58,53.4.6,萧相国世家,萧何向汉王推荐韩信，汉王任命韩信为大将军。,time_range,-infinity,汉二年,-infinity,-0205-10,-infinityto-0205-10,false,false,false,no,,
human,P5,stage1,Human+AI,H-C6,H-C6b,59,53.4.7,萧相国世家,此事记载在《淮阴侯列传》中。,sink,-infinity,汉二年,-infinity,-0205-10,-infinityto-0205-10,false,true,false,no,,
human,P5,stage1,Human+AI,H-C6,H-C6b,60,53.5.1,萧相国世家,汉王领兵东进，平定三秦，萧何以丞相的身分留守治理巴蜀，安抚民众，发布政令，供给军队粮草。,time_range,-infinity,汉二年,-infinity,-0205-10,-infinityto-0205-10,false,false,false,no,,
human,P5,stage1,Human+AI,H-C6,H-C6b,61,53.5.2,萧相国世家,汉二年，汉王与各路诸侯攻打楚军，萧何守卫关中，侍奉太子，治理栎阳。,time_range,汉二年,+infinity,-0205-10,+infinity,-0205-10to+infinity,false,false,false,no,,
